LTKBID,PubChem_CID,Compound.Name,ApprovalYear,DILIConcern,Severity.Class,Label.Section,AdjudicatedDILI,vDILIConcern,Greene_Annotation,Sakatis_Annotation,Xu_Annotation,Zhu_Annotation,SMILES,URL..accessed.on.1.21.2016.,VER_DISP..1.LTKB.BD..2.others.
LT02213,2081,alaproclate,.,Most-DILI-Concern,8,Withdrawn,.,vMost-DILI-Concern,.,.,.,.,CC(C(=O)OC(C)(C)CC1=CC=C(C=C1)Cl)N,,1
LT01042,6437841,acitretin,1996,Most-DILI-Concern,5,Box warning,Yes,vMost-DILI-Concern,HH,.,Positive,Postive,CC1=CC(=C(C(=C1/C=C/C(=C/C=C/C(=C\C(=O)O)/C)/C)C)C)OC,http://dailymed.nlm.nih.gov/dailymed/drugInfo.cfm?setid=cec7851f-c7af-4e9e-a5e4-a585c70510d2,1
LT00046,2157,amiodarone,1985,Most-DILI-Concern,8,Box warning,Yes,vMost-DILI-Concern,HH,Hepatotoxic,Positive,Postive,CCCCC1=C(C2=CC=CC=C2O1)C(=O)C3=CC(=C(C(=C3)I)OCCN(CC)CC)I,http://dailymed.nlm.nih.gov/dailymed/drugInfo.cfm?setid=51be39a2-9134-402c-95ad-defe47406ff8,1
LT00539,28417,danazol,1976,Most-DILI-Concern,8,Box warning,Yes,vMost-DILI-Concern,HH,Hepatotoxic,Positive,.,C[C@]12CC[C@H]3[C@H]([C@@H]1CC[C@]2(C#C)O)CCC4=CC5=C(C[C@]34C)C=NO5,http://dailymed.nlm.nih.gov/dailymed/drugInfo.cfm?setid=db372b81-28e6-44c7-a6c8-1c15362bec0d,1
LT00080,2952,dantrolene,1974,Most-DILI-Concern,8,Box warning,Yes,vMost-DILI-Concern,HH,Hepatotoxic,Positive,.,C1C(=O)NC(=O)N1N=CC2=CC=C(O2)C3=CC=C(C=C3)[N+](=O)[O-],http://dailymed.nlm.nih.gov/dailymed/drugInfo.cfm?setid=57b4eec1-49e1-432c-95ae-0fe36e32d64b,1
LT00097,3331,felbamate,1993,Most-DILI-Concern,7,Box warning,Yes,vMost-DILI-Concern,HH,Hepatotoxic,Positive,.,C1=CC=C(C=C1)C(COC(=O)N)COC(=O)N,http://dailymed.nlm.nih.gov/dailymed/drugInfo.cfm?setid=2e325d79-d0a4-4af7-b09b-96ee5a5b2a37,1
LT02204,208908,lapatinib,2007,Most-DILI-Concern,8,Box warning,Yes,vMost-DILI-Concern,.,.,Positive,Postive,CS(=O)(=O)CCNCC1=CC=C(O1)C2=CC3=C(C=C2)N=CN=C3NC4=CC(=C(C=C4)OCC5=CC(=CC=C5)F)Cl,http://dailymed.nlm.nih.gov/dailymed/drugInfo.cfm?setid=63319b01-cad6-4d0a-c39b-938fa951a808,1
LT00113,3899,leflunomide,1998,Most-DILI-Concern,8,Box warning,Yes,vMost-DILI-Concern,HH,.,Positive,Postive,CC1=C(C=NO1)C(=O)NC2=CC=C(C=C2)C(F)(F)F,http://dailymed.nlm.nih.gov/dailymed/drugInfo.cfm?setid=d3a4788f-6ff4-4804-9b41-7d6f0b27cd5c,1
LT01553,4178,mexiletine,1985,Most-DILI-Concern,3,Box warning,Yes,vMost-DILI-Concern,HH,.,Positive,.,CC1=C(C(=CC=C1)C)OCC(C)N,http://dailymed.nlm.nih.gov/dailymed/drugInfo.cfm?setid=693da40b-26d4-40d6-87d1-158e256f40ab,1
LT00672,10113978,pazopanib,2009,Most-DILI-Concern,8,Box warning,Yes,vMost-DILI-Concern,.,.,.,.,CC1=C(C=C(C=C1)NC2=NC=CC(=N2)N(C)C3=CC4=NN(C(=C4C=C3)C)C)S(=O)(=O)N,http://dailymed.nlm.nih.gov/dailymed/drugInfo.cfm?setid=f5b7b3a4-c3a4-4722-8ca5-8f6a5c622553,1
LT00565,5329102,sunitinib,2006,Most-DILI-Concern,8,Box warning,Yes,vMost-DILI-Concern,.,.,.,.,CCN(CC)CCNC(=O)C1=C(NC(=C1C)/C=C\2/C3=C(C=CC(=C3)F)NC2=O)C,http://dailymed.nlm.nih.gov/dailymed/drugInfo.cfm?setid=43a4d7f8-48ae-4a63-9108-2fa8e3ea9d9c,1
LT01034,441184,acarbose,1995,Most-DILI-Concern,8,Warnings and precautions,Yes,vMost-DILI-Concern,.,.,.,.,C[C@@H]1[C@H]([C@@H]([C@H]([C@H](O1)O[C@@H]2[C@H](O[C@@H]([C@@H]([C@H]2O)O)O[C@@H]3[C@H](O[C@H]([C@@H]([C@H]3O)O)O)CO)CO)O)O)N[C@H]4C=C([C@@H]([C@@H]([C@H]4O)O)O)CO,http://dailymed.nlm.nih.gov/dailymed/drugInfo.cfm?setid=dbb04848-93e2-42ca-a709-6a396913507e,1
LT00499,2082,albendazole,1996,Most-DILI-Concern,7,Warnings and precautions,Yes,vMost-DILI-Concern,HH,.,Positive,Postive,CCCSC1=CC2=C(C=C1)N=C(N2)NC(=O)OC,http://dailymed.nlm.nih.gov/dailymed/drugInfo.cfm?setid=3b7e8429-0b57-477f-ba44-51789a5d0da1,2
LT00056,56069,bicalutamide,1995,Most-DILI-Concern,8,Warnings and precautions,Yes,vMost-DILI-Concern,HH,.,Positive,.,C[C@](CS(=O)(=O)C1=CC=C(C=C1)F)(C(=O)NC2=CC(=C(C=C2)C#N)C(F)(F)F)O,http://dailymed.nlm.nih.gov/dailymed/drugInfo.cfm?setid=aeb2641f-4842-43ff-a4d8-d01b4ab3f47b,1
LT00060,2554,carbamazepine,1968,Most-DILI-Concern,7,Warnings and precautions,Yes,vMost-DILI-Concern,HH,Hepatotoxic,Positive,Postive,C1=CC=C2C(=C1)C=CC3=CC=CC=C3N2C(=O)N,http://dailymed.nlm.nih.gov/dailymed/drugInfo.cfm?setid=7f9ed987-5e34-4536-a22f-4898c9797e61,1
LT00185,2801,clomipramine,1989,Most-DILI-Concern,8,Warnings and precautions,Yes,vMost-DILI-Concern,HH,.,Positive,.,CN(C)CCCN1C2=CC=CC=C2CCC3=C1C=C(C=C3)Cl,http://dailymed.nlm.nih.gov/dailymed/drugInfo.cfm?setid=3823106e-6be3-4154-a607-caa3a69dc75c,2
LT00287,2818,clozapine,1989,Most-DILI-Concern,5,Warnings and precautions,Yes,vMost-DILI-Concern,HH,Hepatotoxic,Positive,.,CN1CCN(CC1)C2=C3C=CC=CC3=NC4=C(N2)C=C(C=C4)Cl,http://dailymed.nlm.nih.gov/dailymed/drugInfo.cfm?setid=8672ee49-ee2e-4239-98ce-7e23e1ab7b10,1
LT00084,3033,diclofenac,1988,Most-DILI-Concern,8,Warnings and precautions,Yes,vMost-DILI-Concern,HH,Hepatotoxic,Positive,Postive,C1=CC=C(C(=C1)CC(=O)O)NC2=C(C=CC=C2Cl)Cl,http://dailymed.nlm.nih.gov/dailymed/drugInfo.cfm?setid=8e6e1aea-d1c9-f6bf-2a8c-0504437be95c,1
LT00085,3059,diflunisal,1982,Most-DILI-Concern,8,Warnings and precautions,Yes,vMost-DILI-Concern,HH,.,Positive,.,C1=CC(=C(C=C1C2=C(C=C(C=C2)F)F)C(=O)O)O,http://dailymed.nlm.nih.gov/dailymed/drugInfo.cfm?setid=7a78bb38-14d8-4a90-b883-482d4cebf716,2
LT01292,39186,diltiazem,1982,Most-DILI-Concern,4,Warnings and precautions,Yes,vMost-DILI-Concern,.,non-hepatotixic,Negative,Postive,CC(=O)O[C@@H]1[C@@H](SC2=CC=CC=C2N(C1=O)CCN(C)C)C3=CC=C(C=C3)OC,http://dailymed.nlm.nih.gov/dailymed/drugInfo.cfm?setid=a662fc04-c296-4c24-8e36-ce7f9bcbd2ed,2
LT02035,60835,duloxetine,2004,Most-DILI-Concern,8,Warnings and precautions,Yes,vMost-DILI-Concern,.,.,.,Postive,CNCC[C@@H](C1=CC=CS1)OC2=CC=CC3=CC=CC=C32,http://dailymed.nlm.nih.gov/dailymed/drugInfo.cfm?setid=2f7d4d67-10c1-4bf4-a7f2-c185fbad64ba,2
LT01214,176870,erlotinib,2004,Most-DILI-Concern,8,Warnings and precautions,Yes,vMost-DILI-Concern,.,.,.,.,COCCOC1=C(C=C2C(=C1)C(=NC=N2)NC3=CC=CC(=C3)C#C)OCCOC,http://dailymed.nlm.nih.gov/dailymed/drugInfo.cfm?setid=57bccb29-1c47-4c64-ab6a-77960a91cc20,2
LT00092,12560,erythromycin,1964,Most-DILI-Concern,5,Warnings and precautions,Yes,vMost-DILI-Concern,HH,Hepatotoxic,Positive,Postive,CC[C@@H]1[C@@]([C@@H]([C@H](C(=O)[C@@H](C[C@@]([C@@H]([C@H]([C@@H]([C@H](C(=O)O1)C)O[C@H]2C[C@@]([C@H]([C@@H](O2)C)O)(C)OC)C)O[C@H]3[C@@H]([C@H](C[C@H](O3)C)N(C)C)O)(C)O)C)C)O)(C)O,http://dailymed.nlm.nih.gov/dailymed/drugInfo.cfm?setid=fda44eb6-7901-4b80-ba0b-216f6cacf3fd,1
LT00240,3308,etodolac,1991,Most-DILI-Concern,8,Warnings and precautions,Yes,vMost-DILI-Concern,.,.,.,Postive,CCC1=CC=CC2=C1NC3=C2CCOC3(CC)CC(=O)O,http://dailymed.nlm.nih.gov/dailymed/drugInfo.cfm?setid=86719bea-90f8-4696-ad0c-10a31967c850,1
LT00394,60198,exemestane,1999,Most-DILI-Concern,4,Warnings and precautions,Yes,vMost-DILI-Concern,.,.,.,.,C[C@]12CC[C@H]3[C@H]([C@@H]1CCC2=O)CC(=C)C4=CC(=O)C=C[C@]34C,http://dailymed.nlm.nih.gov/dailymed/drugInfo.cfm?setid=cf066b7a-032a-416c-8d40-15ba581423e3,2
LT00554,134018,febuxostat,2009,Most-DILI-Concern,8,Warnings and precautions,Yes,vMost-DILI-Concern,.,.,.,.,CC1=C(SC(=N1)C2=CC(=C(C=C2)OCC(C)C)C#N)C(=O)O,http://dailymed.nlm.nih.gov/dailymed/drugInfo.cfm?setid=54de10ef-fe5f-4930-b91d-6bbb04c664bd,2
LT00179,3365,fluconazole,1990,Most-DILI-Concern,8,Warnings and precautions,Yes,vMost-DILI-Concern,HH,Hepatotoxic,Positive,Postive,C1=CC(=C(C=C1F)F)C(CN2C=NC=N2)(CN3C=NC=N3)O,http://dailymed.nlm.nih.gov/dailymed/drugInfo.cfm?setid=aa7572ca-0ea0-4259-bc79-acb88c9f492d,1
LT00402,123631,gefitinib,2003,Most-DILI-Concern,4,Warnings and precautions,Yes,vMost-DILI-Concern,.,.,Positive,.,COC1=C(C=C2C(=C1)N=CN=C2NC3=CC(=C(C=C3)F)Cl)OCCCN4CCOCC4,http://dailymed.nlm.nih.gov/dailymed/drugInfo.cfm?setid=827d60e8-7e07-41b7-c28b-49ef1c4a5a41,2
LT00234,5282379,isotretinoin,1982,Most-DILI-Concern,5,Warnings and precautions,Yes,vMost-DILI-Concern,HH,.,Positive,.,CC1=C(C(CCC1)(C)C)/C=C/C(=C/C=C/C(=C\C(=O)O)/C)/C,http://dailymed.nlm.nih.gov/dailymed/drugInfo.cfm?setid=a31fd109-d0fd-4ab9-ba98-a3d64333c18d,1
LT00112,3869,labetalol,1984,Most-DILI-Concern,8,Warnings and precautions,Yes,vMost-DILI-Concern,HH,Hepatotoxic,Positive,Postive,CC(CCC1=CC=CC=C1)NCC(C2=CC(=C(C=C2)O)C(=O)N)O,http://dailymed.nlm.nih.gov/dailymed/drugInfo.cfm?setid=e10796ac-7a39-4985-b5d7-732d939b140f,1
LT01600,4493,nilutamide,1996,Most-DILI-Concern,8,Warnings and precautions,Yes,vMost-DILI-Concern,.,Hepatotoxic,.,.,CC1(C(=O)N(C(=O)N1)C2=CC(=C(C=C2)[N+](=O)[O-])C(F)(F)F)C,http://dailymed.nlm.nih.gov/dailymed/drugInfo.cfm?setid=6d2e5c32-3221-4605-955f-37c6bb61aef7,2
LT01615,4543,nortriptyline,1964,Most-DILI-Concern,8,Warnings and precautions,Yes,vMost-DILI-Concern,HH,.,Positive,.,CNCCC=C1C2=CC=CC=C2CCC3=CC=CC=C31,http://dailymed.nlm.nih.gov/dailymed/drugInfo.cfm?setid=b58d473a-b19f-4d2a-b1ae-dd398d7a29e1,1
LT01637,4680,papaverine,.,Most-DILI-Concern,5,Warnings and precautions,Yes,vMost-DILI-Concern,.,.,.,.,COC1=C(C=C(C=C1)CC2=NC=CC3=CC(=C(C=C32)OC)OC)OC,http://dailymed.nlm.nih.gov/dailymed/drugInfo.cfm?setid=9e5e2ce4-7a57-4c61-a826-64c8d11d038e,2
LT00152,2733526,tamoxifen,1977,Most-DILI-Concern,8,Warnings and precautions,Yes,vMost-DILI-Concern,HH,Hepatotoxic,Positive,Postive,CC/C(=C(\C1=CC=CC=C1)/C2=CC=C(C=C2)OCCN(C)C)/C3=CC=CC=C3,http://dailymed.nlm.nih.gov/dailymed/drugInfo.cfm?setid=8e4710a7-8757-49be-8bec-a1dc39e6c695,1
LT00223,6013,testosterone,1953,Most-DILI-Concern,8,Warnings and precautions,Yes,vMost-DILI-Concern,.,non-hepatotixic,.,Postive,C[C@]12CC[C@H]3[C@H]([C@@H]1CC[C@@H]2O)CCC4=CC(=O)CC[C@]34C,http://dailymed.nlm.nih.gov/dailymed/drugInfo.cfm?setid=9af8ef50-f650-44ca-a272-135bfce9daca,2
LT00227,5472,ticlopidine,1991,Most-DILI-Concern,4,Warnings and precautions,Yes,vMost-DILI-Concern,HH,Hepatotoxic,Positive,Postive,C1CN(CC2=C1SC=C2)CC3=CC=CC=C3Cl,http://dailymed.nlm.nih.gov/dailymed/drugInfo.cfm?setid=b1ebcf65-f6c3-4267-99aa-1c6b203dffc7,1
LT01097,71616,voriconazole,2002,Most-DILI-Concern,8,Warnings and precautions,Yes,vMost-DILI-Concern,.,.,.,.,C[C@@H](C1=NC=NC=C1F)[C@](CN2C=NC=N2)(C3=C(C=C(C=C3)F)F)O,http://dailymed.nlm.nih.gov/dailymed/drugInfo.cfm?setid=f1889599-be14-49af-8781-5594e9bd026b,2
LT00279,31101,bromocriptine,1978,Less-DILI-Concern,3,Warnings and precautions,Yes,vLess-DILI-Concern,.,.,.,.,CC(C)C[C@H]1C(=O)N2CCC[C@H]2[C@]3(N1C(=O)[C@](O3)(C(C)C)NC(=O)[C@H]4CN([C@@H]5CC6=C(NC7=CC=CC(=C67)C5=C4)Br)C)O,http://dailymed.nlm.nih.gov/dailymed/drugInfo.cfm?setid=deeea4f0-389e-4b2f-b0a7-60a87feac62a,2
LT00252,2662,celecoxib,1998,Less-DILI-Concern,3,Warnings and precautions,Yes,vLess-DILI-Concern,.,.,Positive,Postive,CC1=CC=C(C=C1)C2=CC(=NN2C3=CC=C(C=C3)S(=O)(=O)N)C(F)(F)F,http://dailymed.nlm.nih.gov/dailymed/drugInfo.cfm?setid=8d52185d-421f-4e34-8db7-f7676db2a226,2
LT00286,2708,chlorambucil,1957,Less-DILI-Concern,3,Warnings and precautions,Yes,vLess-DILI-Concern,.,.,.,.,C1=CC(=CC=C1CCCC(=O)O)N(CCCl)CCCl,http://dailymed.nlm.nih.gov/dailymed/drugInfo.cfm?setid=967ed3ff-d99b-41e8-b768-dfb586d3d9a6,2
LT00011,2796,clofibrate,1967,Less-DILI-Concern,3,Warnings and precautions,Yes,vLess-DILI-Concern,HH,non-hepatotixic,Positive,.,CCOC(=O)C(C)(C)OC1=CC=C(C=C1)Cl,,1
LT01153,150311,ezetimibe,2002,Less-DILI-Concern,3,Warnings and precautions,Yes,vLess-DILI-Concern,.,.,.,Postive,C1=CC(=CC=C1[C@@H]2[C@H](C(=O)N2C3=CC=C(C=C3)F)CC[C@@H](C4=CC=C(C=C4)F)O)O,http://dailymed.nlm.nih.gov/dailymed/drugInfo.cfm?setid=a773b0b2-d31c-4ff4-b9e8-1eb2d3a4d62a,2
LT00098,3339,fenofibrate,1993,Less-DILI-Concern,3,Warnings and precautions,Yes,vLess-DILI-Concern,HH,Hepatotoxic,Positive,Postive,CC(C)OC(=O)C(C)(C)OC1=CC=C(C=C1)C(=O)C2=CC=C(C=C2)Cl,http://dailymed.nlm.nih.gov/dailymed/drugInfo.cfm?setid=2fe0bbd6-47a4-4836-beb1-0b635e3ab647,1
LT00172,1548972,fluvastatin,1993,Less-DILI-Concern,3,Warnings and precautions,Yes,vLess-DILI-Concern,.,.,Negative,Postive,CC(C)N1C2=CC=CC=C2C(=C1/C=C/[C@@H](C[C@@H](CC(=O)O)O)O)C3=CC=C(C=C3)F,http://dailymed.nlm.nih.gov/dailymed/drugInfo.cfm?setid=aad8b373-0aec-4efb-8e61-3d8114b31127,2
LT00023,3825,ketoprofen,1986,Less-DILI-Concern,3,Warnings and precautions,Yes,vLess-DILI-Concern,NE,.,Negative,.,CC(C1=CC=CC(=C1)C(=O)C2=CC=CC=C2)C(=O)O,http://dailymed.nlm.nih.gov/dailymed/drugInfo.cfm?setid=c2c99853-1268-4998-a44b-2bf0c0b70fd2,2
LT00204,3826,ketorolac,1989,Less-DILI-Concern,3,Warnings and precautions,Yes,vLess-DILI-Concern,HH,.,Positive,.,C1CN2C(=CC=C2C(=O)C3=CC=CC=C3)C1C(=O)O,http://dailymed.nlm.nih.gov/dailymed/drugInfo.cfm?setid=688f5dec-a6db-43c6-a1f8-5df99d08d395,1
LT00576,53232,lovastatin,1987,Less-DILI-Concern,3,Warnings and precautions,Yes,vLess-DILI-Concern,.,non-hepatotixic,Negative,Postive,CC[C@H](C)C(=O)O[C@H]1C[C@H](C=C2[C@H]1[C@H]([C@H](C=C2)C)CC[C@@H]3C[C@H](CC(=O)O3)O)C,http://dailymed.nlm.nih.gov/dailymed/drugInfo.cfm?setid=058b94d0-9811-4dd2-a28d-377a26e5e6f8,1
LT00308,4030,mebendazole,1974,Less-DILI-Concern,3,Warnings and precautions,Yes,vLess-DILI-Concern,HH,.,Positive,.,COC(=O)NC1=NC2=C(N1)C=C(C=C2)C(=O)C3=CC=CC=C3,http://dailymed.nlm.nih.gov/dailymed/drugInfo.cfm?setid=c338415f-41e0-071d-8c51-a80a02ebf2cd,1
LT00117,54677470,meloxicam,2000,Less-DILI-Concern,3,Warnings and precautions,Yes,vLess-DILI-Concern,.,.,Negative,Postive,CC1=CN=C(S1)NC(=O)C2=C(C3=CC=CC=C3S(=O)(=O)N2C)O,http://dailymed.nlm.nih.gov/dailymed/drugInfo.cfm?setid=06a401f0-4380-4081-86ed-a309a25abf6b,2
LT00589,4236,modafinil,1998,Less-DILI-Concern,3,Warnings and precautions,Yes,vLess-DILI-Concern,.,non-hepatotixic,.,Postive,C1=CC=C(C=C1)C(C2=CC=CC=C2)S(=O)CC(=O)N,http://dailymed.nlm.nih.gov/dailymed/drugInfo.cfm?setid=f3b3097f-80b8-4410-af21-dcdea144e3c3,2
LT00593,1302,naproxen,1976,Less-DILI-Concern,3,Warnings and precautions,Yes,vLess-DILI-Concern,WE,Hepatotoxic,Negative,Postive,CC(C1=CC2=C(C=C1)C=C(C=C2)OC)C(=O)O,http://dailymed.nlm.nih.gov/dailymed/drugInfo.cfm?setid=cb8a73cd-960c-4569-b2d6-abbcd2096689,1
LT00313,4485,nifedipine,1981,Less-DILI-Concern,3,Warnings and precautions,Yes,vLess-DILI-Concern,HH,Hepatotoxic,Positive,.,CC1=C(C(C(=C(N1)C)C(=O)OC)C2=CC=CC=C2[N+](=O)[O-])C(=O)OC,http://dailymed.nlm.nih.gov/dailymed/drugInfo.cfm?setid=d8d582f9-12d0-4aab-9a64-c8bd072a7741,1
LT00429,4614,oxaprozin,1992,Less-DILI-Concern,3,Warnings and precautions,Yes,vLess-DILI-Concern,HH,.,Positive,Postive,C1=CC=C(C=C1)C2=C(OC(=N2)CCC(=O)O)C3=CC=CC=C3,http://dailymed.nlm.nih.gov/dailymed/drugInfo.cfm?setid=765a0b09-d93b-eb04-7eed-1eb260500dc0,2
LT01655,4748,perphenazine,1957,Less-DILI-Concern,3,Warnings and precautions,Yes,vLess-DILI-Concern,.,.,.,.,C1CN(CCN1CCCN2C3=CC=CC=C3SC4=C2C=C(C=C4)Cl)CCO,http://dailymed.nlm.nih.gov/dailymed/drugInfo.cfm?setid=0958af4c-87ef-41fd-90a1-ec3e57146945,2
LT00134,4829,pioglitazone,1999,Less-DILI-Concern,3,Warnings and precautions,Yes,vLess-DILI-Concern,WE,non-hepatotixic,Negative,.,CCC1=CN=C(C=C1)CCOC2=CC=C(C=C2)CC3C(=O)NC(=O)S3,http://dailymed.nlm.nih.gov/dailymed/drugInfo.cfm?setid=0478f0e7-87fb-4adb-ae9b-6624555ccbe4,1
LT01679,5280452,piroxicam,1982,Less-DILI-Concern,3,Warnings and precautions,Yes,vLess-DILI-Concern,HH,Hepatotoxic,Positive,.,CN1/C(=C(\NC2=CC=CC=N2)/O)/C(=O)C3=CC=CC=C3S1(=O)=O,http://dailymed.nlm.nih.gov/dailymed/drugInfo.cfm?setid=3fa3d666-3154-23a7-1c69-915cd6f6a87c,1
LT00186,54687,pravastatin,1991,Less-DILI-Concern,3,Warnings and precautions,Yes,vLess-DILI-Concern,.,non-hepatotixic,.,Postive,CC[C@H](C)C(=O)O[C@H]1C[C@@H](C=C2[C@H]1[C@H]([C@H](C=C2)C)CC[C@H](C[C@H](CC(=O)O)O)O)O,http://dailymed.nlm.nih.gov/dailymed/drugInfo.cfm?setid=99e0e848-f8f3-4b42-b880-8fbc42633948,1
LT00614,4915,procarbazine,1969,Less-DILI-Concern,3,Warnings and precautions,Yes,vLess-DILI-Concern,HH,.,Positive,.,CC(C)NC(=O)C1=CC=C(C=C1)CNNC,http://dailymed.nlm.nih.gov/dailymed/drugInfo.cfm?setid=de1c8271-64d8-4ea5-85e8-871faa4d7632,2
LT01716,4993,pyrimethamine,1953,Less-DILI-Concern,3,Warnings and precautions,Yes,vLess-DILI-Concern,HH,.,Positive,Postive,CCC1=C(C(=NC(=N1)N)N)C2=CC=C(C=C2)Cl,http://dailymed.nlm.nih.gov/dailymed/drugInfo.cfm?setid=3e4d5027-7939-480f-ae19-82e764d9fa97 ,2
LT00267,5002,quetiapine,1997,Less-DILI-Concern,3,Warnings and precautions,Yes,vLess-DILI-Concern,.,.,.,Postive,C1CN(CCN1CCOCCO)C2=NC3=CC=CC=C3SC4=CC=CC=C42,http://dailymed.nlm.nih.gov/dailymed/drugInfo.cfm?setid=c499823e-d939-4950-bdeb-e7023f663fa2,2
LT00140,77999,rosiglitazone,1999,Less-DILI-Concern,3,Warnings and precautions,Yes,vLess-DILI-Concern,WE,non-hepatotixic,Negative,.,CN(CCOC1=CC=C(C=C1)CC2C(=O)NC(=O)S2)C3=CC=CC=N3,http://dailymed.nlm.nih.gov/dailymed/drugInfo.cfm?setid=ec682aec-e98f-41a1-9d21-eb7580ea3a8a,2
LT01928,6439133,rosuvastatin,2003,Less-DILI-Concern,3,Warnings and precautions,Yes,vLess-DILI-Concern,.,.,.,Postive,CC(C)C1=NC(=NC(=C1/C=C/[C@@H](C[C@H](CC(=O)O)O)O)C2=CC=C(C=C2)F)N(C)S(=O)(=O)C,http://dailymed.nlm.nih.gov/dailymed/drugInfo.cfm?setid=bb0f3b5e-4bc6-41c9-66b9-6257e2513512,2
LT01746,60787,saquinavir,1995,Less-DILI-Concern,3,Warnings and precautions,Yes,vLess-DILI-Concern,HH,.,Positive,.,CC(C)(C)NC(=O)[C@@H]1CC2CCCCC2CN1C[C@H]([C@H](CC3=CC=CC=C3)NC(=O)[C@H](CC(=O)N)NC(=O)C4=NC5=CC=CC=C5C=C4)O,http://dailymed.nlm.nih.gov/dailymed/drugInfo.cfm?setid=c00d1607-ac36-457b-a34b-75ad74f9cf0a,1
LT00142,54454,simvastatin,1991,Less-DILI-Concern,3,Warnings and precautions,Yes,vLess-DILI-Concern,.,non-hepatotixic,Negative,Postive,CCC(C)(C)C(=O)O[C@H]1C[C@H](C=C2[C@H]1[C@H]([C@H](C=C2)C)CC[C@@H]3C[C@H](CC(=O)O3)O)C,http://dailymed.nlm.nih.gov/dailymed/drugInfo.cfm?setid=9999f4dc-60be-4c8f-8063-78144ed4431f,1
LT02224,464205,tenofovir,2001,Less-DILI-Concern,3,Warnings and precautions,Yes,vLess-DILI-Concern,.,.,.,.,C[C@H](CN1C=NC2=C1N=CN=C2N)OCP(=O)(O)O,http://dailymed.nlm.nih.gov/dailymed/drugInfo.cfm?setid=e122435e-cd0b-4c90-940a-b7a0d090d866,1
LT01804,5453,thiotepa,1959,Less-DILI-Concern,3,Warnings and precautions,Yes,vLess-DILI-Concern,.,.,.,.,C1CN1P(=S)(N2CC2)N3CC3,http://dailymed.nlm.nih.gov/dailymed/drugInfo.cfm?setid=89a11272-62a6-45d6-9ace-ea55de178dc3,2
LT00332,2520,verapamil,1981,Less-DILI-Concern,3,Warnings and precautions,Yes,vLess-DILI-Concern,WE,.,Negative,Postive,CC(C)C(CCCN(C)CCC1=CC(=C(C=C1)OC)OC)(C#N)C2=CC(=C(C=C2)OC)OC,http://dailymed.nlm.nih.gov/dailymed/drugInfo.cfm?setid=a0343397-897b-46d6-943f-a87e07e1de10,1
LT01107,2092,alfuzosin,2003,Less-DILI-Concern,5,Adverse reactions,Yes,vLess-DILI-Concern,.,.,.,.,CN(CCCNC(=O)C1CCCO1)C2=NC3=CC(=C(C=C3C(=N2)N)OC)OC,http://dailymed.nlm.nih.gov/dailymed/drugInfo.cfm?setid=f075a897-7bef-4799-b7e2-7e051c461443,2
LT02070,16231,amiloride,1981,Less-DILI-Concern,3,Adverse reactions,Yes,vLess-DILI-Concern,NE,.,Negative,Postive,C1(=C(N=C(C(=N1)Cl)N)N)C(=O)N=C(N)N,http://dailymed.nlm.nih.gov/dailymed/drugInfo.cfm?setid=135f9cb8-17b6-e99a-57c3-2d992eddb8ef,2
LT00047,2160,amitriptyline,1961,Less-DILI-Concern,5,Adverse reactions,Yes,vLess-DILI-Concern,WE,Hepatotoxic,Negative,Postive,CN(C)CCC=C1C2=CC=CC=C2CCC3=CC=CC=C31,http://dailymed.nlm.nih.gov/dailymed/drugInfo.cfm?setid=091b3ffc-ccef-47f9-b13a-ef2812e02630,2
LT00175,2162,amlodipine,1992,Less-DILI-Concern,5,Adverse reactions,Yes,vLess-DILI-Concern,.,non-hepatotixic,.,Postive,CCOC(=O)C1=C(NC(=C(C1C2=CC=CC=C2Cl)C(=O)OC)C)COCCN,http://dailymed.nlm.nih.gov/dailymed/drugInfo.cfm?setid=bef1a169-9186-43e9-b673-64fdb658984f,2
LT01116,5362124,benazepril,1991,Less-DILI-Concern,4,Adverse reactions,Yes,vLess-DILI-Concern,WE,.,Negative,.,CCOC(=O)[C@H](CCC1=CC=CC=C1)N[C@H]2CCC3=CC=CC=C3N(C2=O)CC(=O)O,http://dailymed.nlm.nih.gov/dailymed/drugInfo.cfm?setid=c51a3704-c5b3-471f-afcb-0602da0f3dce,2
LT00058,444,bupropion,1985,Less-DILI-Concern,5,Adverse reactions,Yes,vLess-DILI-Concern,WE,.,Negative,Postive,CC(C(=O)C1=CC(=CC=C1)Cl)NC(C)(C)C,http://dailymed.nlm.nih.gov/dailymed/drugInfo.cfm?setid=5cb7fd36-ae36-409b-af79-9c432e1cf5d9,1
LT00207,2585,carvedilol,1995,Less-DILI-Concern,3,Adverse reactions,Yes,vLess-DILI-Concern,.,.,.,.,COC1=CC=CC=C1OCCNCC(COC2=CC=CC3=C2C4=CC=CC=C4N3)O,http://dailymed.nlm.nih.gov/dailymed/drugInfo.cfm?setid=2ba6d893-ae2a-4535-b904-667d206f93af,2
LT01190,2678,cetirizine,1995,Less-DILI-Concern,3,Adverse reactions,Yes,vLess-DILI-Concern,.,.,.,.,C1CN(CCN1CCOCC(=O)O)C(C2=CC=CC=C2)C3=CC=C(C=C3)Cl,http://dailymed.nlm.nih.gov/dailymed/drugInfo.cfm?setid=dd9ae7a8-35dd-4c50-8be6-d06188f4c037,2
LT01207,2719,chloroquine,1949,Less-DILI-Concern,3,Adverse reactions,Yes,vLess-DILI-Concern,WE,non-hepatotixic,Negative,.,CCN(CC)CCCC(C)NC1=C2C=CC(=CC2=NC=C1)Cl,http://dailymed.nlm.nih.gov/dailymed/drugInfo.cfm?setid=eb02c52d-907c-43fb-aa8f-2f378a9087e7,1
LT00068,2726,chlorpromazine,1957,Less-DILI-Concern,2,Adverse reactions,Yes,vLess-DILI-Concern,HH,Hepatotoxic,Positive,Postive,CN(C)CCCN1C2=CC=CC=C2SC3=C1C=C(C=C3)Cl,http://dailymed.nlm.nih.gov/dailymed/drugInfo.cfm?setid=b9d57be1-17cb-42ac-8334-ef3494be7f17,1
LT01218,2756,cimetidine,1977,Less-DILI-Concern,2,Adverse reactions,Yes,vLess-DILI-Concern,WE,Hepatotoxic,Negative,.,CC1=C(N=CN1)CSCCNC(=NC)NC#N,http://dailymed.nlm.nih.gov/dailymed/drugInfo.cfm?setid=c1694b2d-6fbb-b800-370b-0bf31220cb35,1
LT01302,3114,disopyramide,1977,Less-DILI-Concern,2,Adverse reactions,Yes,vLess-DILI-Concern,HH,.,Positive,.,CC(C)N(CCC(C1=CC=CC=C1)(C2=CC=CC=N2)C(=O)N)C(C)C,http://dailymed.nlm.nih.gov/dailymed/drugInfo.cfm?setid=11a68e26-d2e4-48f6-ba0f-9bdd5778f25a,2
LT00052,3152,donepezil,1996,Less-DILI-Concern,3,Adverse reactions,Yes,vLess-DILI-Concern,WE,non-hepatotixic,Negative,.,COC1=C(C=C2C(=C1)CC(C2=O)CC3CCN(CC3)CC4=CC=CC=C4)OC,http://dailymed.nlm.nih.gov/dailymed/drugInfo.cfm?setid=e1e203cd-fd4c-4046-810b-5d7aea47525e,2
LT01314,667477,doxepin,1969,Less-DILI-Concern,4,Adverse reactions,Yes,vLess-DILI-Concern,.,.,.,.,CN(C)CC/C=C/1\C2=CC=CC=C2COC3=CC=CC=C31,http://dailymed.nlm.nih.gov/dailymed/drugInfo.cfm?setid=f350afed-120b-422d-9e6e-3aaa0f72a5fb,2
LT00296,5362032,enalapril,1985,Less-DILI-Concern,7,Adverse reactions,Yes,vLess-DILI-Concern,.,.,.,Postive,CCOC(=O)[C@@H](CCC1=CC=CC=C1)N[C@@H](C)C(=O)N2CCC[C@H]2C(=O)O,http://dailymed.nlm.nih.gov/dailymed/drugInfo.cfm?setid=e31289f1-4b59-418a-a893-c748ce073f6c,1
LT02929,146570,escitalopram,2002,Less-DILI-Concern,7,Adverse reactions,Yes,vLess-DILI-Concern,.,.,.,Postive,CN(C)CCC[C@@]1(C2=C(CO1)C=C(C=C2)C#N)C3=CC=C(C=C3)F,http://dailymed.nlm.nih.gov/dailymed/drugInfo.cfm?setid=2db02476-325f-ee47-a7e5-b5aed56c364c,2
LT00016,5757,estradiol,1954,Less-DILI-Concern,2,Adverse reactions,Yes,vLess-DILI-Concern,WE,Hepatotoxic,Negative,.,C[C@]12CC[C@H]3[C@H]([C@@H]1CC[C@@H]2O)CCC4=C3C=CC(=C4)O,http://dailymed.nlm.nih.gov/dailymed/drugInfo.cfm?setid=8ce4e37f-b55b-40cd-a194-ded0056ca594,1
LT00397,3333,felodipine,1991,Less-DILI-Concern,3,Adverse reactions,Yes,vLess-DILI-Concern,.,.,.,Postive,CCOC(=O)C1=C(NC(=C(C1C2=C(C(=CC=C2)Cl)Cl)C(=O)OC)C)C,http://dailymed.nlm.nih.gov/dailymed/drugInfo.cfm?setid=dd39c559-5c5d-4d3b-9228-c44085e1699f,2
LT01375,3356,flecainide,1985,Less-DILI-Concern,7,Adverse reactions,Yes,vLess-DILI-Concern,HH,.,Positive,Negative,C1CCNC(C1)CNC(=O)C2=C(C=CC(=C2)OCC(F)(F)F)OCC(F)(F)F,http://dailymed.nlm.nih.gov/dailymed/drugInfo.cfm?setid=4f6b78d4-8ac8-464b-bb78-ee70cbc97898,2
LT00173,3476,glimepiride,1995,Less-DILI-Concern,7,Adverse reactions,Yes,vLess-DILI-Concern,WE,.,Negative,.,CCC1=C(CN(C1=O)C(=O)NCCC2=CC=C(C=C2)S(=O)(=O)NC(=O)NC3CCC(CC3)C)C,http://dailymed.nlm.nih.gov/dailymed/drugInfo.cfm?setid=60e9397e-83b9-489e-9683-6f87e458bbaa,1
LT00243,3478,glipizide,1984,Less-DILI-Concern,3,Adverse reactions,Yes,vLess-DILI-Concern,.,.,.,.,CC1=NC=C(N=C1)C(=O)NCCC2=CC=C(C=C2)S(=O)(=O)NC(=O)NC3CCCCC3,http://dailymed.nlm.nih.gov/dailymed/drugInfo.cfm?setid=06505b04-656c-47ef-83ba-ab977bdcaaf4,2
LT01005,3749,irbesartan,1997,Less-DILI-Concern,5,Adverse reactions,Yes,vLess-DILI-Concern,WE,.,Negative,.,CCCCC1=NC2(CCCC2)C(=O)N1CC3=CC=C(C=C3)C4=CC=CC=C4C5=NNN=N5,http://dailymed.nlm.nih.gov/dailymed/drugInfo.cfm?setid=7885b2a8-be4e-48ab-8113-4e6ab791eb98,2
LT01499,3961,losartan,1995,Less-DILI-Concern,4,Adverse reactions,Yes,vLess-DILI-Concern,HH,non-hepatotixic,Positive,.,CCCCC1=NC(=C(N1CC2=CC=C(C=C2)C3=CC=CC=C3C4=NNN=N4)CO)Cl,http://dailymed.nlm.nih.gov/dailymed/drugInfo.cfm?setid=7f3b370c-ca97-e0a5-dbd2-870d7c7782cf,2
LT00841,15459,metaxalone,1962,Less-DILI-Concern,5,Adverse reactions,Yes,vLess-DILI-Concern,.,.,.,Negative,CC1=CC(=CC(=C1)OCC2CNC(=O)O2)C,http://dailymed.nlm.nih.gov/dailymed/drugInfo.cfm?setid=edc1656d-26f0-95c2-ee8f-50518fd5affd,2
LT01549,4168,metoclopramide,1979,Less-DILI-Concern,5,Adverse reactions,Yes,vLess-DILI-Concern,HH,.,Positive,.,CCN(CC)CCNC(=O)C1=CC(=C(C=C1OC)N)Cl,http://dailymed.nlm.nih.gov/dailymed/drugInfo.cfm?setid=2ad82e21-44b6-4a2f-a62f-05ca37347ea5,2
LT00309,4171,metoprolol,.,Less-DILI-Concern,5,Adverse reactions,Yes,vLess-DILI-Concern,.,.,.,Postive,CC(C)NCC(COC1=CC=C(C=C1)CCOC)O,http://dailymed.nlm.nih.gov/dailymed/drugInfo.cfm?setid=bb05420c-fd24-4672-9f62-fdd313819287,1
LT02008,152946,moxifloxacin,1999,Less-DILI-Concern,8,Adverse reactions,Yes,vLess-DILI-Concern,.,.,.,Postive,COC1=C2C(=CC(=C1N3C[C@@H]4CCCN[C@@H]4C3)F)C(=O)C(=CN2C5CC5)C(=O)O,http://dailymed.nlm.nih.gov/dailymed/drugInfo.cfm?setid=56b4f979-bf20-4908-9d7c-5536221d77f8,2
LT01012,64143,nelfinavir,1997,Less-DILI-Concern,3,Adverse reactions,Yes,vLess-DILI-Concern,.,.,.,Postive,CC1=C(C=CC=C1O)C(=O)N[C@@H](CSC2=CC=CC=C2)[C@@H](CN3C[C@H]4CCCC[C@H]4C[C@H]3C(=O)NC(C)(C)C)O,http://dailymed.nlm.nih.gov/dailymed/drugInfo.cfm?setid=e72c2bc6-9462-4a2e-8e1d-b97592376cbd,2
LT00315,3033637,nizatidine,1988,Less-DILI-Concern,5,Adverse reactions,Yes,vLess-DILI-Concern,.,.,.,.,CN/C(=C\[N+](=O)[O-])/NCCSCC1=CSC(=N1)CN(C)C,http://dailymed.nlm.nih.gov/dailymed/drugInfo.cfm?setid=cbfb5d8a-a136-4d78-befa-d2cea6661030,1
LT00206,4594,omeprazole,1989,Less-DILI-Concern,4,Adverse reactions,Yes,vLess-DILI-Concern,.,non-hepatotixic,.,Postive,CC1=CN=C(C(=C1OC)C)CS(=O)C2=NC3=C(N2)C=C(C=C3)OC,http://dailymed.nlm.nih.gov/dailymed/drugInfo.cfm?setid=276c3f70-890e-4afa-af48-8630f9689785,2
LT00430,36314,paclitaxel,1992,Less-DILI-Concern,4,Adverse reactions,Yes,vLess-DILI-Concern,HH,.,Positive,.,CC1=C2[C@H](C(=O)[C@@]3([C@H](C[C@@H]4[C@]([C@H]3[C@@H]([C@@](C2(C)C)(C[C@@H]1OC(=O)[C@@H]([C@H](C5=CC=CC=C5)NC(=O)C6=CC=CC=C6)O)O)OC(=O)C7=CC=CC=C7)(CO4)OC(=O)C)O)C)OC(=O)C,http://dailymed.nlm.nih.gov/dailymed/drugInfo.cfm?setid=ea28753a-8631-460a-bfdc-b101eb8ac84a,2
LT00606,4679,pantoprazole,2000,Less-DILI-Concern,3,Adverse reactions,Yes,vLess-DILI-Concern,.,.,.,.,COC1=C(C(=NC=C1)CS(=O)C2=NC3=C(N2)C=C(C=C3)OC(F)F)OC,http://dailymed.nlm.nih.gov/dailymed/drugInfo.cfm?setid=742ca9f4-9fba-44d4-29a8-1fe3a04f1af6,2
LT00128,43815,paroxetine,1992,Less-DILI-Concern,8,Adverse reactions,Yes,vLess-DILI-Concern,WE,non-hepatotixic,Negative,Postive,C1CNC[C@H]([C@@H]1C2=CC=C(C=C2)F)COC3=CC4=C(C=C3)OCO4,http://dailymed.nlm.nih.gov/dailymed/drugInfo.cfm?setid=7b9e9d36-9b7d-4d47-8d8a-d37da85e7b24,1
LT00612,5755,prednisolone,1955,Less-DILI-Concern,3,Adverse reactions,Yes,vLess-DILI-Concern,.,.,.,.,C[C@]12C[C@@H]([C@H]3[C@H]([C@@H]1CC[C@@]2(C(=O)CO)O)CCC4=CC(=O)C=C[C@]34C)O,http://dailymed.nlm.nih.gov/dailymed/drugInfo.cfm?setid=f7d51cb7-9015-4062-b306-509d23104195,1
LT00180,5865,prednisone,1955,Less-DILI-Concern,3,Adverse reactions,Yes,vLess-DILI-Concern,WE,non-hepatotixic,Negative,.,C[C@]12CC(=O)[C@H]3[C@H]([C@@H]1CC[C@@]2(C(=O)CO)O)CCC4=CC(=O)C=C[C@]34C,http://dailymed.nlm.nih.gov/dailymed/drugInfo.cfm?setid=9b682e76-7b10-43a9-9527-81a633b7d0c0,2
LT01699,4913,procainamide,1950,Less-DILI-Concern,4,Adverse reactions,Yes,vLess-DILI-Concern,.,.,.,.,CCN(CC)CCNC(=O)C1=CC=C(C=C1)N,http://dailymed.nlm.nih.gov/dailymed/drugInfo.cfm?setid=17e47845-daad-434c-a784-6d3875b0d704,2
LT00437,4917,prochlorperazine,1956,Less-DILI-Concern,2,Adverse reactions,Yes,vLess-DILI-Concern,HH,Hepatotoxic,Positive,.,CN1CCN(CC1)CCCN2C3=CC=CC=C3SC4=C2C=C(C=C4)Cl,http://dailymed.nlm.nih.gov/dailymed/drugInfo.cfm?setid=6b0e958b-fde0-74ea-b196-1e62f90b5bbe,2
LT01705,4932,propafenone,1989,Less-DILI-Concern,3,Adverse reactions,Yes,vLess-DILI-Concern,NE,.,Negative,Postive,CCCNCC(COC1=CC=CC=C1C(=O)CCC2=CC=CC=C2)O,http://dailymed.nlm.nih.gov/dailymed/drugInfo.cfm?setid=e4412a6a-ed4d-410d-8abb-86e1d7b72a3c,2
LT01708,4943,propofol,1989,Less-DILI-Concern,3,Adverse reactions,Yes,vLess-DILI-Concern,NE,.,Negative,Postive,CC(C)C1=C(C(=CC=C1)C(C)C)O,http://dailymed.nlm.nih.gov/dailymed/drugInfo.cfm?setid=b6d54dc1-b73d-43de-ab9e-6c5ae420f683,2
LT01725,441074,quinidine,1950,Less-DILI-Concern,3,Adverse reactions,Yes,vLess-DILI-Concern,HH,Hepatotoxic,Positive,.,COC1=CC2=C(C=CN=C2C=C1)[C@@H]([C@H]3C[C@@H]4CCN3C[C@@H]4C=C)O,http://dailymed.nlm.nih.gov/dailymed/drugInfo.cfm?setid=a90a03b0-ffbe-4cf6-90b5-bfb0412a1cb2,2
LT00138,3001055,ranitidine,1977,Less-DILI-Concern,5,Adverse reactions,Yes,vLess-DILI-Concern,WE,Hepatotoxic,Negative,Postive,CN/C(=C\[N+](=O)[O-])/NCCSCC1=CC=C(O1)CN(C)C,http://dailymed.nlm.nih.gov/dailymed/drugInfo.cfm?setid=d0da9dd6-c691-4614-99c7-531b0bf34837,1
LT00139,6323490,rifabutin,1992,Less-DILI-Concern,5,Adverse reactions,Yes,vLess-DILI-Concern,HH,.,Positive,.,C[C@H]1/C=C/C=C(\C(=O)NC2=C3C(=NC4(N3)CCN(CC4)CC(C)C)C5=C6C(=C(C(=C5C2=O)O)C)O[C@@](C6=O)(O/C=C/[C@@H]([C@H]([C@H]([C@@H]([C@@H]([C@@H]([C@H]1O)C)O)C)OC(=O)C)C)OC)C)/C,http://dailymed.nlm.nih.gov/dailymed/drugInfo.cfm?setid=3e1a6613-bdd3-4261-93b3-d7f5cc09064b,2
LT01735,5073,risperidone,1993,Less-DILI-Concern,3,Adverse reactions,Yes,vLess-DILI-Concern,HH,.,Positive,.,CC1=C(C(=O)N2CCCCC2=N1)CCN3CCC(CC3)C4=NOC5=C4C=CC(=C5)F,http://dailymed.nlm.nih.gov/dailymed/drugInfo.cfm?setid=a0a21bec-68f0-444e-a611-d0602859410c,2
LT00990,5095,ropinirole,1997,Less-DILI-Concern,4,Adverse reactions,Yes,vLess-DILI-Concern,.,.,.,.,CCCN(CCC)CCC1=C2CC(=O)NC2=CC=C1,http://dailymed.nlm.nih.gov/dailymed/drugInfo.cfm?setid=ec0612a1-ccb1-bb51-8881-04faf491e093,2
LT00625,68617,sertraline,1991,Less-DILI-Concern,3,Adverse reactions,Yes,vLess-DILI-Concern,WE,non-hepatotixic,Negative,Postive,CN[C@H]1CC[C@H](C2=CC=CC=C12)C3=CC(=C(C=C3)Cl)Cl,http://dailymed.nlm.nih.gov/dailymed/drugInfo.cfm?setid=fe9e8b7d-61ea-409d-84aa-3ebd79a046b5,1
LT01033,5212,sildenafil,1998,Less-DILI-Concern,3,Adverse reactions,Yes,vLess-DILI-Concern,.,.,.,.,CCCC1=NN(C2=C1NC(=NC2=O)C3=C(C=CC(=C3)S(=O)(=O)N4CCN(CC4)C)OCC)C,http://dailymed.nlm.nih.gov/dailymed/drugInfo.cfm?setid=39a5247d-f173-499d-9e4d-d17cf3dff63e,2
LT00443,6436030,sirolimus,1999,Less-DILI-Concern,8,Adverse reactions,Yes,vLess-DILI-Concern,.,.,.,.,C[C@@H]1CC[C@H]2C[C@@H](/C(=C/C=C/C=C/[C@H](C[C@H](C(=O)[C@@H]([C@@H](/C(=C/[C@H](C(=O)C[C@H](OC(=O)[C@@H]3CCCCN3C(=O)C(=O)[C@@]1(O2)O)[C@H](C)CC4CC[C@H]([C@@H](C4)OC)O)C)/C)O)OC)C)C)/C)OC,http://dailymed.nlm.nih.gov/dailymed/drugInfo.cfm?setid=3275b824-3f82-4151-2ab2-0036a9ba0acc,2
LT00448,439492,tacrolimus,1994,Less-DILI-Concern,5,Adverse reactions,Yes,vLess-DILI-Concern,.,.,.,.,C[C@@H]1C[C@@H]([C@@H]2[C@H](C[C@H]([C@@](O2)(C(=O)C(=O)N3CCCC[C@H]3C(=O)O[C@@H]([C@@H]([C@H](CC(=O)[C@@H](C=C(C1)C)CC=C)O)C)C(=C[C@@H]4CC[C@H]([C@@H](C4)OC)O)C)O)C)OC)OC,http://dailymed.nlm.nih.gov/dailymed/drugInfo.cfm?setid=93d03943-0655-44f6-b494-57bd1e336a34,1
LT00450,5426,thalidomide,1998,Less-DILI-Concern,4,Adverse reactions,Yes,vLess-DILI-Concern,.,.,.,.,C1CC(=O)NC(=O)C1N2C(=O)C3=CC=CC=C3C2=O,http://dailymed.nlm.nih.gov/dailymed/drugInfo.cfm?setid=2eda833b-1357-4ed4-a093-194524fcb061,2
LT00266,5503,tolazamide,1966,Less-DILI-Concern,2,Adverse reactions,Yes,vLess-DILI-Concern,HH,.,Positive,.,CC1=CC=C(C=C1)S(=O)(=O)NC(=O)NN2CCCCCC2,http://dailymed.nlm.nih.gov/dailymed/drugInfo.cfm?setid=c8e26b95-96f4-4b0d-929d-31dd240cfe44,2
LT01820,5509,tolmetin,1976,Less-DILI-Concern,3,Adverse reactions,Yes,vLess-DILI-Concern,HH,.,Positive,.,CC1=CC=C(C=C1)C(=O)C2=CC=C(N2C)CC(=O)O,http://dailymed.nlm.nih.gov/dailymed/drugInfo.cfm?setid=332731f4-6625-4b6c-9d8f-36e8a11d2d0d,2
LT01833,5546,triamterene,1964,Less-DILI-Concern,5,Adverse reactions,Yes,vLess-DILI-Concern,.,.,.,.,C1=CC=C(C=C1)C2=NC3=C(N=C2N)N=C(N=C3N)N,http://dailymed.nlm.nih.gov/dailymed/drugInfo.cfm?setid=5012f997-9fb2-4c3d-99fd-4f7efd7c39af,2
LT01857,60846,valsartan,1996,Less-DILI-Concern,3,Adverse reactions,Yes,vLess-DILI-Concern,WE,non-hepatotixic,Negative,Postive,CCCCC(=O)N(CC1=CC=C(C=C1)C2=CC=CC=C2C3=NNN=N3)[C@@H](C(C)C)C(=O)O,http://dailymed.nlm.nih.gov/dailymed/drugInfo.cfm?setid=5ddba454-f3e6-43c2-a7a6-58365d297213,2
LT00174,5656,venlafaxine,1993,Less-DILI-Concern,7,Adverse reactions,Yes,vLess-DILI-Concern,.,non-hepatotixic,.,Postive,CN(C)CC(C1=CC=C(C=C1)OC)C2(CCCCC2)O,http://dailymed.nlm.nih.gov/dailymed/drugInfo.cfm?setid=e5a31f69-c237-49b7-83a2-d04eebbc30ce,1
LT01862,5978,vincristine,1963,Less-DILI-Concern,8,Adverse reactions,Yes,vLess-DILI-Concern,HH,.,Positive,.,CC[C@@]1(C[C@@H]2C[C@@](C3=C(CCN(C2)C1)C4=CC=CC=C4N3)(C5=C(C=C6C(=C5)[C@]78CCN9[C@H]7[C@@](C=CC9)([C@H]([C@@]([C@@H]8N6C=O)(C(=O)OC)O)OC(=O)C)CC)OC)C(=O)OC)O,http://dailymed.nlm.nih.gov/dailymed/drugInfo.cfm?setid=01cee93f-3ab9-44fa-8c9a-dd5958fd2db9,2
LT00647,6691,warfarin,1954,Less-DILI-Concern,5,Adverse reactions,Yes,vLess-DILI-Concern,WE,non-hepatotixic,Negative,.,CC(=O)CC(C1=CC=CC=C1)C2=C(OC3=CC=CC=C3C2=O)O,http://dailymed.nlm.nih.gov/dailymed/drugInfo.cfm?setid=3fb2aa58-3a40-4255-a261-e2db5b9a5dde,1
LT01017,60854,ziprasidone,2001,Less-DILI-Concern,3,Adverse reactions,Yes,vLess-DILI-Concern,.,.,.,.,C1CN(CCN1CCC2=C(C=C3C(=C2)CC(=O)N3)Cl)C4=NSC5=CC=CC=C54,http://dailymed.nlm.nih.gov/dailymed/drugInfo.cfm?setid=315e24c2-2f8c-47d9-b1b1-ce006646098a,2
LT01244,5493444,aliskiren,2007,No-DILI-Concern,0,No match,Yes,vLess-DILI-Concern,.,.,.,.,CC(C)[C@@H](CC1=CC(=C(C=C1)OC)OCCCOC)C[C@@H]([C@H](C[C@@H](C(C)C)C(=O)NCC(C)(C)C(=O)N)O)N,http://dailymed.nlm.nih.gov/dailymed/drugInfo.cfm?setid=833c7a0b-5f64-4363-94d5-9a179049113a,2
LT00167,57363,finasteride,1992,No-DILI-Concern,0,No match,Yes,vLess-DILI-Concern,.,non-hepatotixic,.,.,C[C@]12CC[C@H]3[C@H]([C@@H]1CC[C@@H]2C(=O)NC(C)(C)C)CC[C@@H]4[C@@]3(C=CC(=O)N4)C,http://dailymed.nlm.nih.gov/dailymed/drugInfo.cfm?setid=63ed2cec-c677-45bd-a802-64a9ec54046f,2
LT00805,4771,phentermine,1959,No-DILI-Concern,0,No match,Yes,vLess-DILI-Concern,.,non-hepatotixic,.,Negative,CC(C)(CC1=CC=CC=C1)N,http://dailymed.nlm.nih.gov/dailymed/drugInfo.cfm?setid=7ca86c66-409b-4852-8631-c3ada6e60738,1
LT00817,2381,biperiden,1959,No-DILI-Concern,0,No match,.,vNo-DILI-Concern,.,.,.,.,C1CCN(CC1)CCC(C2CC3CC2C=C3)(C4=CC=CC=C4)O,,1
LT02190,2391,bisacodyl,.,No-DILI-Concern,0,No match,.,vNo-DILI-Concern,.,.,.,.,CC(=O)OC1=CC=C(C=C1)C(C2=CC=C(C=C2)OC(=O)C)C3=CC=CC=N3,http://dailymed.nlm.nih.gov/dailymed/drugInfo.cfm?setid=9448e8ba-b73a-4d2a-b58c-afdcd19f8e12,2
LT02076,6834,brompheniramine,1957,No-DILI-Concern,0,No match,.,vNo-DILI-Concern,.,.,Negative,.,CN(C)CCC(C1=CC=C(C=C1)Br)C2=CC=CC=N2,http://dailymed.nlm.nih.gov/dailymed/drugInfo.cfm?setid=74b92bdf-5447-4932-a265-39891a4557a4,2
LT01152,54746,cabergoline,1996,No-DILI-Concern,0,No match,.,vNo-DILI-Concern,.,.,.,.,CCNC(=O)N(CCCN(C)C)C(=O)[C@@H]1C[C@H]2[C@@H](CC3=CNC4=CC=CC2=C34)N(C1)CC=C,http://dailymed.nlm.nih.gov/dailymed/drugInfo.cfm?setid=74b61e8a-7ae9-4996-85ec-df23c56de16f,2
LT01888,2519,caffeine,1999,No-DILI-Concern,0,No match,.,vNo-DILI-Concern,NE,non-hepatotixic,Negative,.,CN1C=NC2=C1C(=O)N(C(=O)N2C)C,http://dailymed.nlm.nih.gov/dailymed/drugInfo.cfm?setid=fbcd234e-57e1-4da2-a96c-e3f7b7cf6ec0,2
LT00899,134070,calcitriol,1978,No-DILI-Concern,0,No match,.,vNo-DILI-Concern,.,.,.,.,C[C@H](CCCC(C)(C)O)[C@H]1CC[C@@H]2[C@@]1(CCCC2=CC=C3C[C@H](C[C@@H](C3=C)O)O)C,http://dailymed.nlm.nih.gov/dailymed/drugInfo.cfm?setid=167a669f-7b7e-46ea-9331-567bf19d8787,2
LT00759,2564,carbinoxamine,1974,No-DILI-Concern,0,No match,.,vNo-DILI-Concern,.,.,.,.,CN(C)CCOC(C1=CC=C(C=C1)Cl)C2=CC=CC=N2,http://dailymed.nlm.nih.gov/dailymed/drugInfo.cfm?setid=1edca669-8879-408a-b09c-259e363dd95c,1
LT01209,156419,cinacalcet,2004,No-DILI-Concern,0,No match,.,vNo-DILI-Concern,.,.,.,.,C[C@H](C1=CC=CC2=CC=CC=C21)NCCCC3=CC(=CC=C3)C(F)(F)F,http://dailymed.nlm.nih.gov/dailymed/drugInfo.cfm?setid=c94c1206-97cb-4088-b8a1-adf08b938755,2
LT02222,26987,clemastine,1977,No-DILI-Concern,0,No match,.,vNo-DILI-Concern,NE,non-hepatotixic,Negative,.,C[C@@](C1=CC=CC=C1)(C2=CC=C(C=C2)Cl)OCC[C@H]3CCCN3C,http://dailymed.nlm.nih.gov/dailymed/drugInfo.cfm?setid=b7e88fa7-fa92-48be-86ab-7e375d710251,1
LT00540,30323,daunorubicin,1979,No-DILI-Concern,0,No match,.,vNo-DILI-Concern,.,.,.,.,C[C@H]1[C@H]([C@H](C[C@@H](O1)O[C@H]2C[C@@](CC3=C(C4=C(C(=C23)O)C(=O)C5=C(C4=O)C=CC=C5OC)O)(C(=O)C)O)N)O,http://dailymed.nlm.nih.gov/dailymed/drugInfo.cfm?setid=64c62283-a6e8-48c7-8918-d6955bea5eb0,2
LT02056,5360696,dextromethorphan,1982,No-DILI-Concern,0,No match,.,vNo-DILI-Concern,NE,.,Negative,.,CN1CC[C@@]23CCCC[C@@H]2[C@@H]1CC4=C3C=C(C=C4)OC,http://dailymed.nlm.nih.gov/dailymed/drugInfo.cfm?setid=5daa0727-02ba-4f8e-86a9-2286716648bc,2
LT00292,30322,digoxin,1975,No-DILI-Concern,0,No match,.,vNo-DILI-Concern,NE,non-hepatotixic,Negative,.,C[C@@H]1[C@H]([C@H](C[C@@H](O1)O[C@@H]2[C@H](O[C@H](C[C@@H]2O)O[C@@H]3[C@H](O[C@H](C[C@@H]3O)O[C@H]4CC[C@]5([C@@H](C4)CC[C@@H]6[C@@H]5C[C@H]([C@]7([C@@]6(CCC7C8=CC(=O)OC8)O)C)O)C)C)C)O)O,http://dailymed.nlm.nih.gov/dailymed/drugInfo.cfm?setid=62795623-a2bc-4dd2-8989-3b9782bfd80e,1
LT02218,10531,dihydroergotamine,1946,No-DILI-Concern,0,No match,.,vNo-DILI-Concern,.,.,.,Negative,C[C@@]1(C(=O)N2[C@H](C(=O)N3CCC[C@H]3[C@@]2(O1)O)CC4=CC=CC=C4)NC(=O)[C@@H]5C[C@H]6[C@@H](CC7=CNC8=CC=CC6=C78)N(C5)C,http://dailymed.nlm.nih.gov/dailymed/drugInfo.cfm?setid=fe826e6a-75c8-43ed-9c36-f8263ec35aff,1
LT01308,36811,dobutamine,1978,No-DILI-Concern,0,No match,.,vNo-DILI-Concern,NE,.,Negative,.,CC(CCC1=CC=C(C=C1)O)NCCC2=CC(=C(C=C2)O)O,http://dailymed.nlm.nih.gov/dailymed/drugInfo.cfm?setid=6b17b98b-e06d-42ed-925f-69aa2699dead,1
LT00015,681,dopamine,1974,No-DILI-Concern,0,No match,.,vNo-DILI-Concern,NE,.,Negative,.,C1=CC(=C(C=C1CCN)O)O,http://dailymed.nlm.nih.gov/dailymed/drugInfo.cfm?setid=08f23f6e-150d-45ea-098e-f2edf64c21a1,2
LT00727,3162,doxylamine,1948,No-DILI-Concern,0,No match,.,vNo-DILI-Concern,.,.,.,.,CC(C1=CC=CC=C1)(C2=CC=CC=N2)OCCN(C)C,http://dailymed.nlm.nih.gov/dailymed/drugInfo.cfm?setid=bf64865f-4cf8-444a-9106-62abf2f22879,2
LT01357,36339,etomidate,1982,No-DILI-Concern,0,No match,.,vNo-DILI-Concern,.,.,.,.,CCOC(=O)C1=CN=CN1C(C)C2=CC=CC=C2,http://dailymed.nlm.nih.gov/dailymed/drugInfo.cfm?setid=6dfd9a2a-540d-4a8e-9b92-b78e89480d39,2
LT00944,3341,fenoldopam,1997,No-DILI-Concern,0,No match,.,vNo-DILI-Concern,.,.,.,.,C1CNCC(C2=CC(=C(C(=C21)Cl)O)O)C3=CC=C(C=C3)O,http://dailymed.nlm.nih.gov/dailymed/drugInfo.cfm?setid=df4cd207-c3b8-4008-5290-02f296c2b4a6,2
LT01370,3348,fexofenadine,1996,No-DILI-Concern,0,No match,.,vNo-DILI-Concern,NE,.,Negative,.,CC(C)(C1=CC=C(C=C1)C(CCCN2CCC(CC2)C(C3=CC=CC=C3)(C4=CC=CC=C4)O)O)C(=O)O,http://dailymed.nlm.nih.gov/dailymed/drugInfo.cfm?setid=6cf8da77-4272-4f88-9e5c-e83cfd80e9e9,2
LT00857,3354,flavoxate,1970,No-DILI-Concern,0,No match,.,vNo-DILI-Concern,.,.,.,.,CC1=C(OC2=C(C1=O)C=CC=C2C(=O)OCCN3CCCCC3)C4=CC=CC=C4,http://dailymed.nlm.nih.gov/dailymed/drugInfo.cfm?setid=9422e67e-d64c-3ba1-b2b9-ca9d3eeda743,1
LT01382,30751,fludarabine,1991,No-DILI-Concern,0,No match,.,vNo-DILI-Concern,.,.,.,.,C1=NC2=C(N1[C@H]3[C@H]([C@@H]([C@H](O3)COP(=O)(O)O)O)O)N=C(N=C2N)F,http://dailymed.nlm.nih.gov/dailymed/drugInfo.cfm?setid=30bac07f-86bd-4a03-8ea1-7ab2d42d3ea3,2
LT01384,3373,flumazenil,1991,No-DILI-Concern,0,No match,.,vNo-DILI-Concern,NE,.,Negative,.,CCOC(=O)C1=C2CN(C(=O)C3=C(N2C=N1)C=CC(=C3)F)C,http://dailymed.nlm.nih.gov/dailymed/drugInfo.cfm?setid=436f5616-9626-4b6a-9deb-2986444179d0,2
LT00188,5754,hydrocortisone,1951,No-DILI-Concern,0,No match,.,vNo-DILI-Concern,.,.,Negative,.,C[C@]12CCC(=O)C=C1CC[C@@H]3[C@@H]2[C@H](C[C@]4([C@H]3CC[C@@]4(C(=O)CO)O)C)O,http://dailymed.nlm.nih.gov/dailymed/drugInfo.cfm?setid=fb8f1024-e2d4-4394-ac45-d807a4caf4af,2
LT02089,3783,isoxsuprine,.,No-DILI-concern,0,No match,.,vNo-DILI-Concern,NE,.,Negative,.,CC(COC1=CC=CC=C1)NC(C)C(C2=CC=C(C=C2)O)O,http://dailymed.nlm.nih.gov/dailymed/drugInfo.cfm?setid=e6582e24-9414-43b8-ac6f-b1422e3197cf,2
LT01905,3676,lidocaine,1948,No-DILI-Concern,0,No match,.,vNo-DILI-Concern,NE,.,Negative,.,CCN(CC)CC(=O)NC1=C(C=CC=C1C)C,http://dailymed.nlm.nih.gov/dailymed/drugInfo.cfm?setid=165845cf-c59c-4dbe-af8f-ecb92a1fcdc6,2
LT02087,3955,loperamide,1976,No-DILI-Concern,0,No match,.,vNo-DILI-Concern,NE,.,Negative,.,CN(C)C(=O)C(CCN1CCC(CC1)(C2=CC=C(C=C2)Cl)O)(C3=CC=CC=C3)C4=CC=CC=C4,http://dailymed.nlm.nih.gov/dailymed/drugInfo.cfm?setid=5c4a072e-88e6-4c35-adf2-fe81f3bcf4c9,2
LT00792,4034,meclizine,1957,No-DILI-Concern,0,No match,.,vNo-DILI-Concern,.,non-hepatotixic,.,.,CC1=CC(=CC=C1)CN2CCN(CC2)C(C3=CC=CC=C3)C4=CC=C(C=C4)Cl,http://dailymed.nlm.nih.gov/dailymed/drugInfo.cfm?setid=4b10e789-3f47-4008-a989-40a419379a23,1
LT02072,9681,methysergide,1962,No-DILI-Concern,0,No match,.,vNo-DILI-Concern,NE,.,Negative,.,CC[C@@H](CO)NC(=O)[C@H]1CN([C@@H]2CC3=CN(C4=CC=CC(=C34)C2=C1)C)C,http://dailymed.nlm.nih.gov/dailymed/drugInfo.cfm?setid=3fae28ee-700e-4d4f-a040-02ef01a2aeb4,1
LT01558,4195,midodrine,1996,No-DILI-Concern,0,No match,.,vNo-DILI-Concern,.,non-hepatotixic,.,.,COC1=CC(=C(C=C1)OC)C(CNC(=O)CN)O,http://dailymed.nlm.nih.gov/dailymed/drugInfo.cfm?setid=2b24f75c-539b-4a96-802e-f3cc3b55dae2,2
LT00184,55245,mifepristone,2000,No-DILI-Concern,0,No match,.,vNo-DILI-Concern,.,.,.,.,CC#C[C@@]1(CC[C@@H]2[C@@]1(C[C@@H](C3=C4CCC(=O)C=C4CC[C@@H]23)C5=CC=C(C=C5)N(C)C)C)O,http://dailymed.nlm.nih.gov/dailymed/drugInfo.cfm?setid=542f3fae-8bc8-4f00-9228-e4b66c9ad6a9,2
LT00587,4201,minoxidil,1979,No-DILI-Concern,0,No match,.,vNo-DILI-Concern,.,non-hepatotixic,.,.,C1CCN(CC1)C2=NC(=N)N(C(=C2)N)O,http://dailymed.nlm.nih.gov/dailymed/drugInfo.cfm?setid=8f3800f0-b6da-4dfe-8c32-39bb5eb0262a,1
LT01564,4211,mitotane,1970,No-DILI-Concern,0,No match,.,vNo-DILI-Concern,.,.,.,.,C1=CC=C(C(=C1)C(C2=CC=C(C=C2)Cl)C(Cl)Cl)Cl,http://dailymed.nlm.nih.gov/dailymed/drugInfo.cfm?setid=e9fba7d4-a0ec-4bfa-9b5b-ec97a9710fd3,2
LT01586,5360630,nalbuphine,1979,No-DILI-Concern,0,No match,.,vNo-DILI-Concern,.,non-hepatotixic,.,.,C1CC(C1)CN2CC[C@]34C5[C@H](CC[C@]3([C@H]2CC6=C4C(=C(C=C6)O)O5)O)O,http://dailymed.nlm.nih.gov/dailymed/drugInfo.cfm?setid=87d32eb5-6806-4aa4-8976-e3ba0fe871df,2
LT00592,5284596,naloxone,1971,No-DILI-Concern,0,No match,.,vNo-DILI-Concern,.,.,.,.,C=CCN1CC[C@]23[C@@H]4C(=O)CC[C@]2([C@H]1CC5=C3C(=C(C=C5)O)O4)O,http://dailymed.nlm.nih.gov/dailymed/drugInfo.cfm?setid=b598c237-032d-4bb5-0e92-50eabd863dac,2
LT02085,4601,orphenadrine,1957,No-DILI-Concern,0,No match,.,vNo-DILI-Concern,NE,non-hepatotixic,Negative,.,CC1=CC=CC=C1C(C2=CC=CC=C2)OCCN(C)C,http://dailymed.nlm.nih.gov/dailymed/drugInfo.cfm?setid=8408d24e-3948-548d-bb12-b1edf0c05e12,2
LT02082,4768,phenoxybenzamine,1953,No-DILI-Concern,0,No match,.,vNo-DILI-Concern,NE,non-hepatotixic,Negative,Negative,CC(COC1=CC=CC=C1)N(CCCl)CC2=CC=CC=C2,http://dailymed.nlm.nih.gov/dailymed/drugInfo.cfm?setid=4fcdf9ca-78a8-4e4b-958e-2f795bbbf9ca,1
LT00433,5775,phentolamine,1952,No-DILI-Concern,0,No match,.,vNo-DILI-Concern,HH,.,Positive,.,CC1=CC=C(C=C1)N(CC2=NCCN2)C3=CC(=CC=C3)O,http://dailymed.nlm.nih.gov/dailymed/drugInfo.cfm?setid=658672ce-5251-4d17-9a5f-58d3abf62ed1,1
LT00133,5983,physostigmine,.,No-DILI-concern,0,No match,.,vNo-DILI-Concern,NE,.,Negative,.,C[C@@]12CCN([C@@H]1N(C3=C2C=C(C=C3)OC(=O)NC)C)C,http://dailymed.nlm.nih.gov/dailymed/drugInfo.cfm?setid=a7d04b2c-fe34-480d-8f7c-7cbcf447a70b,2
LT01672,16362,pimozide,1984,No-DILI-concern,0,No match,.,vNo-DILI-Concern,NE,.,Negative,.,C1CN(CCC1N2C3=CC=CC=C3NC2=O)CCCC(C4=CC=C(C=C4)F)C5=CC=C(C=C5)F,http://dailymed.nlm.nih.gov/dailymed/drugInfo.cfm?setid=fd9729c3-545f-4d34-9bc7-72b61e028fc4,2
LT01673,4828,pindolol,1982,No-DILI-concern,0,No match,.,vNo-DILI-Concern,NE,.,Negative,.,CC(C)NCC(COC1=CC=CC2=C1C=CN2)O,http://dailymed.nlm.nih.gov/dailymed/drugInfo.cfm?setid=05dfb38c-b832-4ae0-b28b-d271008e670b,2
LT00613,4908,primaquine,1952,No-DILI-Concern,0,No match,.,vNo-DILI-Concern,WE,.,Negative,.,CC(CCCN)NC1=C2C(=CC(=C1)OC)C=CC=N2,http://dailymed.nlm.nih.gov/dailymed/drugInfo.cfm?setid=1bfbf4ae-81b8-4160-a00d-6322aadd4b59,1
LT00261,4909,primidone,1954,No-DILI-Concern,0,No match,.,vNo-DILI-Concern,NE,.,Negative,.,CCC1(C(=O)NCNC1=O)C2=CC=CC=C2,http://dailymed.nlm.nih.gov/dailymed/drugInfo.cfm?setid=418a70aa-8480-4748-a1a8-af39f4962bf0,1
LT00848,4976,protriptyline,1967,No-DILI-Concern,0,No match,.,vNo-DILI-Concern,.,.,.,.,CNCCCC1C2=CC=CC=C2C=CC3=CC=CC=C13,http://dailymed.nlm.nih.gov/dailymed/drugInfo.cfm?setid=a6be6521-7179-442f-8c45-69711a2c3290,2
LT00183,5035,raloxifene,1997,No-DILI-Concern,0,No match,.,vNo-DILI-Concern,WE,non-hepatotixic,Negative,.,C1CCN(CC1)CCOC2=CC=C(C=C2)C(=O)C3=C(SC4=C3C=CC(=C4)O)C5=CC=C(C=C5)O,http://dailymed.nlm.nih.gov/dailymed/drugInfo.cfm?setid=cbee500a-34e2-4819-987b-da107eacbb27,2
LT01192,56959,ranolazine,2006,No-DILI-Concern,0,No match,.,vNo-DILI-Concern,.,.,.,.,CC1=C(C(=CC=C1)C)NC(=O)CN2CCN(CC2)CC(COC3=CC=CC=C3OC)O,http://dailymed.nlm.nih.gov/dailymed/drugInfo.cfm?setid=beb482de-f251-476b-9d38-40577c36f5a3,2
LT01729,5770,reserpine,1955,No-DILI-Concern,0,No match,.,vNo-DILI-Concern,.,.,.,.,CO[C@H]1[C@@H](C[C@@H]2CN3CCC4=C([C@H]3C[C@@H]2[C@@H]1C(=O)OC)NC5=C4C=CC(=C5)OC)OC(=O)C6=CC(=C(C(=C6)OC)OC)OC,http://dailymed.nlm.nih.gov/dailymed/drugInfo.cfm?setid=3a4d74d7-2e63-4789-b50e-af17ced92462,2
LT01026,5078,rizatriptan,1998,No-DILI-Concern,0,No match,.,vNo-DILI-Concern,.,.,.,Negative,CN(C)CCC1=CNC2=C1C=C(C=C2)CN3C=NC=N3,http://dailymed.nlm.nih.gov/dailymed/drugInfo.cfm?setid=65fdf523-6b3a-4b96-8e6f-891383acfd8c,2
LT01974,5184,scopolamine,1979,No-DILI-Concern,0,No match,.,vNo-DILI-Concern,.,.,.,.,CN1C2CC(CC1C3C2O3)OC(=O)C(CO)C4=CC=CC=C4,http://dailymed.nlm.nih.gov/dailymed/drugInfo.cfm?setid=b85b3ca0-89ce-44fe-b748-62e160e8c349,2
LT00916,39764,vecuronium,1984,No-DILI-Concern,0,No match,.,vNo-DILI-Concern,.,.,.,.,CC(=O)O[C@H]1C[C@@H]2CC[C@@H]3[C@@H]([C@]2(C[C@@H]1N4CCCCC4)C)CC[C@]5([C@H]3C[C@@H]([C@@H]5OC(=O)C)[N+]6(CCCCC6)C)C.[Br-],http://dailymed.nlm.nih.gov/dailymed/drugInfo.cfm?setid=10b6e166-58ea-4b78-9ca2-471f19737101,2
LT00177,13342,vinblastine,1965,No-DILI-Concern,0,No match,.,vNo-DILI-Concern,NE,.,Negative,.,CC[C@@]1(C[C@H]2C[C@@](C3=C(CCN(C2)C1)C4=CC=CC=C4N3)(C5=C(C=C6C(=C5)[C@]78CCN9[C@H]7[C@@](C=CC9)([C@H]([C@@]([C@@H]8N6C)(C(=O)OC)O)OC(=O)C)CC)OC)C(=O)OC)O,http://dailymed.nlm.nih.gov/dailymed/drugInfo.cfm?setid=f073b58e-56d6-4c8d-a2ce-b37719402d77,2
LT00462,5311,vorinostat,2006,No-DILI-Concern,0,No match,.,vNo-DILI-Concern,.,.,.,Negative,C1=CC=C(C=C1)NC(=O)CCCCCCC(=O)NO,http://dailymed.nlm.nih.gov/dailymed/drugInfo.cfm?setid=cd86ee78-2781-468b-930c-3c4677bcc092,2
LT00503,2130,amantadine,1968,Less-DILI-Concern,3,Warnings and precautions,.,Ambiguous DILI-concern,NE,.,Negative,.,C1C2CC3CC1CC(C2)(C3)N,http://dailymed.nlm.nih.gov/dailymed/drugInfo.cfm?setid=ce3e1ae0-17f4-4fa3-9d9c-4239c54ae6ea,1
LT00964,2182,anagrelide,1997,Less-DILI-Concern,3,Warnings and precautions,.,Ambiguous DILI-concern,.,.,.,.,C1C2=C(C=CC(=C2Cl)Cl)NC3=NC(=O)CN31,http://dailymed.nlm.nih.gov/dailymed/drugInfo.cfm?setid=6727d5d4-e8ec-4a85-bc82-ec70b641eecf,2
LT01145,2471,bumetanide,1983,Less-DILI-Concern,3,Warnings and precautions,.,Ambiguous DILI-concern,HH,.,Positive,.,CCCCNC1=C(C(=CC(=C1)C(=O)O)S(=O)(=O)N)OC2=CC=CC=C2,http://dailymed.nlm.nih.gov/dailymed/drugInfo.cfm?setid=925b309a-8a0b-4bcd-bdf4-1ec42780ecc2,2
LT00865,3019,diazoxide,1973,Less-DILI-Concern,3,Warnings and precautions,.,Ambiguous DILI-concern,.,.,.,.,CC1=NS(=O)(=O)C2=C(N1)C=CC(=C2)Cl,http://dailymed.nlm.nih.gov/dailymed/drugInfo.cfm?setid=b16c7832-2fd9-49af-b923-1dc0d91fd6e2,2
LT00294,3108,dipyridamole,1961,Less-DILI-Concern,3,Warnings and precautions,.,Ambiguous DILI-concern,NE,.,Negative,.,C1CCN(CC1)C2=NC(=NC3=C2N=C(N=C3N4CCCCC4)N(CCO)CCO)N(CCO)CCO,http://dailymed.nlm.nih.gov/dailymed/drugInfo.cfm?setid=dcf785b2-e923-43bf-93bb-00a9501479f4,2
LT00538,153941,entecavir,2005,Most-DILI-Concern,7,Warnings and precautions,.,Ambiguous DILI-concern,.,.,.,.,C=C1[C@H](C[C@@H]([C@H]1CO)O)N2C=NC3=C2NC(=NC3=O)N,http://dailymed.nlm.nih.gov/dailymed/drugInfo.cfm?setid=046e61c9-9298-4b2e-b76e-b26b81fecd20,2
LT00091,41867,epirubicin,1999,Less-DILI-Concern,3,Warnings and precautions,.,Ambiguous DILI-concern,NE,.,Negative,.,C[C@H]1[C@@H]([C@H](C[C@@H](O1)O[C@H]2C[C@@](CC3=C(C4=C(C(=C23)O)C(=O)C5=C(C4=O)C=CC=C5OC)O)(C(=O)CO)O)N)O,http://dailymed.nlm.nih.gov/dailymed/drugInfo.cfm?setid=f91fc962-7c70-46a9-81fe-b98e93a2028a,2
LT02043,5870,estrone,1979,Less-DILI-Concern,2,Warnings and precautions,.,Ambiguous DILI-concern,HH,.,Positive,.,C[C@]12CC[C@H]3[C@H]([C@@H]1CCC2=O)CCC4=C3C=CC(=C4)O,http://dailymed.nlm.nih.gov/dailymed/drugInfo.cfm?setid=09ff0633-2992-4aba-96ed-45a69f3ee589,2
LT00400,3372,fluphenazine,1959,Less-DILI-Concern,3,Warnings and precautions,.,Ambiguous DILI-concern,.,.,.,.,C1CN(CCN1CCCN2C3=CC=CC=C3SC4=C2C=C(C=C4)C(F)(F)F)CCO,http://dailymed.nlm.nih.gov/dailymed/drugInfo.cfm?setid=6cd6ba35-3481-48c1-87db-dc74ce9d7d75,2
LT00311,5360515,naltrexone,1984,Less-DILI-Concern,3,Warnings and precautions,.,Ambiguous DILI-concern,HH,.,Positive,.,C1CC1CN2CC[C@]34[C@@H]5C(=O)CC[C@]3([C@H]2CC6=C4C(=C(C=C6)O)O5)O,http://dailymed.nlm.nih.gov/dailymed/drugInfo.cfm?setid=4a63f1e0-b2a3-4355-af61-852ea3521707,1
LT00607,644241,nilotinib,2007,Most-DILI-Concern,4,Warnings and precautions,.,Ambiguous DILI-concern,.,.,.,.,CC1=C(C=C(C=C1)C(=O)NC2=CC(=CC(=C2)N3C=C(N=C3)C)C(F)(F)F)NC4=NC=CC(=N4)C5=CN=CC=C5,http://dailymed.nlm.nih.gov/dailymed/drugInfo.cfm?setid=6093952a-5248-45cb-ad17-33716a411146,2
LT00225,4891,praziquantel,1982,Less-DILI-Concern,3,Warnings and precautions,.,Ambiguous DILI-concern,NE,.,Negative,.,C1CCC(CC1)C(=O)N2CC3C4=CC=CC=C4CCN3C(=O)C2,http://dailymed.nlm.nih.gov/dailymed/drugInfo.cfm?setid=34ce1cdd-648e-4f1e-8512-bf3d4cc22eb9,2
LT01805,941651,thiothixene,1967,Less-DILI-Concern,2,Warnings and precautions,.,Ambiguous DILI-concern,WE,.,Negative,.,CN1CCN(CC1)CC/C=C\2/C3=CC=CC=C3SC4=C2C=C(C=C4)S(=O)(=O)N(C)C,http://dailymed.nlm.nih.gov/dailymed/drugInfo.cfm?setid=92a1f215-e063-4c3e-89f5-f56d78a4c64e,2
LT00158,3005573,toremifene,1997,Less-DILI-Concern,3,Warnings and precautions,.,Ambiguous DILI-concern,.,.,.,.,CN(C)CCOC1=CC=C(C=C1)/C(=C(/CCCl)\C2=CC=CC=C2)/C3=CC=CC=C3,http://dailymed.nlm.nih.gov/dailymed/drugInfo.cfm?setid=2cab8dd1-3a10-48e6-86ce-0e5275ed49e5,1
LT00338,444795,tretinoin,1971,Less-DILI-Concern,3,Warnings and precautions,.,Ambiguous DILI-concern,HH,Hepatotoxic,.,Negative,CC1=C(C(CCC1)(C)C)/C=C/C(=C/C=C/C(=C/C(=O)O)/C)/C,http://dailymed.nlm.nih.gov/dailymed/drugInfo.cfm?setid=0f81f505-a962-414e-8612-c3ef3b159e9a,2
LT00256,2170,amoxapine,1980,Less-DILI-Concern,3,Adverse reactions,.,Ambiguous DILI-concern,WE,.,Negative,.,C1CN(CCN1)C2=NC3=CC=CC=C3OC4=C2C=C(C=C4)Cl,http://dailymed.nlm.nih.gov/dailymed/drugInfo.cfm?setid=a16297df-3158-48db-85e5-5cd506885556,2
LT01195,151165,aprepitant,2003,Less-DILI-Concern,3,Adverse reactions,.,Ambiguous DILI-concern,.,.,.,.,C[C@H](C1=CC(=CC(=C1)C(F)(F)F)C(F)(F)F)O[C@H]2[C@H](N(CCO2)CC3=NC(=O)NN3)C4=CC=C(C=C4)F,http://dailymed.nlm.nih.gov/dailymed/drugInfo.cfm?setid=ec44482e-6194-4829-a3f7-ebe8d48a41a5,2
LT01132,2369,betaxolol,1985,Less-DILI-Concern,3,Adverse reactions,.,Ambiguous DILI-concern,.,.,.,.,CC(C)NCC(COC1=CC=C(C=C1)CCOCC2CC2)O,http://dailymed.nlm.nih.gov/dailymed/drugInfo.cfm?setid=bf716efe-0a9f-43b1-9d8a-c69330b82e18,2
LT01136,2405,bisoprolol,1992,Less-DILI-Concern,3,Adverse reactions,.,Ambiguous DILI-concern,.,.,.,Negative,CC(C)NCC(COC1=CC=C(C=C1)COCCOC(C)C)O,http://dailymed.nlm.nih.gov/dailymed/drugInfo.cfm?setid=a1dc3675-ca21-4fdc-bc4d-e82381e31851,1
LT01213,2732,chlorthalidone,1960,Less-DILI-Concern,2,Adverse reactions,.,Ambiguous DILI-concern,.,.,.,.,C1=CC=C2C(=C1)C(=O)NC2(C3=CC(=C(C=C3)Cl)S(=O)(=O)N)O,http://dailymed.nlm.nih.gov/dailymed/drugInfo.cfm?setid=e2eb7dad-3ea3-439c-dcbb-d1d61aa49dfc,2
LT01025,2754,cilostazol,1999,Less-DILI-Concern,5,Adverse reactions,.,Ambiguous DILI-concern,.,non-hepatotixic,.,.,C1CCC(CC1)N2C(=NN=N2)CCCCOC3=CC4=C(C=C3)NC(=O)CC4,http://dailymed.nlm.nih.gov/dailymed/drugInfo.cfm?setid=66e0ed7b-e29a-45ee-82bb-3db6142c2697,2
LT01231,2803,clonidine,1974,Less-DILI-Concern,3,Adverse reactions,.,Ambiguous DILI-concern,HH,.,Positive,.,C1CN=C(N1)NC2=C(C=CC=C2Cl)Cl,http://dailymed.nlm.nih.gov/dailymed/drugInfo.cfm?setid=316f9345-118c-4bc3-adea-a46e3fe6dc48,1
LT01265,2995,desipramine,1964,Less-DILI-Concern,3,Adverse reactions,.,Ambiguous DILI-concern,WE,.,Negative,.,CNCCCN1C2=CC=CC=C2CCC3=CC=CC=C31,http://dailymed.nlm.nih.gov/dailymed/drugInfo.cfm?setid=7017228d-3cd8-470b-b642-3634ddda500c,1
LT00082,5743,dexamethasone,1958,Less-DILI-Concern,3,Adverse reactions,.,Ambiguous DILI-concern,.,non-hepatotixic,Negative,.,C[C@@H]1C[C@H]2[C@@H]3CCC4=CC(=O)C=C[C@@]4([C@]3([C@H](C[C@@]2([C@]1(C(=O)CO)O)C)O)F)C,http://dailymed.nlm.nih.gov/dailymed/drugInfo.cfm?setid=95984c21-5734-4cba-a173-70eb88e3c8cf,1
LT01273,71384,dexrazoxane,1995,Less-DILI-Concern,4,Adverse reactions,.,Ambiguous DILI-concern,.,.,.,.,C[C@@H](CN1CC(=O)NC(=O)C1)N2CC(=O)NC(=O)C2,http://dailymed.nlm.nih.gov/dailymed/drugInfo.cfm?setid=071340ec-9d21-484e-93d4-f49c98df8c5e,2
LT01149,150310,eplerenone,2002,Less-DILI-Concern,4,Adverse reactions,.,Ambiguous DILI-concern,.,.,.,.,C[C@]12CCC(=O)C=C1C[C@H](C3[C@]24C(O4)C[C@]5([C@H]3CC[C@@]56CCC(=O)O6)C)C(=O)OC,http://dailymed.nlm.nih.gov/dailymed/drugInfo.cfm?setid=6d988699-95c2-46b9-8266-23fe7016f33b,2
LT00677,5284555,estropipate,1977,Less-DILI-Concern,2,Adverse reactions,.,Ambiguous DILI-concern,.,.,.,.,C[C@]12CC[C@H]3[C@H]([C@@H]1CCC2=O)CCC4=C3C=CC(=C4)OS(=O)(=O)O.C1CNCCN1,http://dailymed.nlm.nih.gov/dailymed/drugInfo.cfm?setid=5ee9f406-8fdb-467f-9019-f9c11423bd91,2
LT01267,6442177,everolimus,2009,Less-DILI-Concern,4,Adverse reactions,.,Ambiguous DILI-concern,.,.,.,.,C[C@@H]1CC[C@H]2C[C@@H](/C(=C/C=C/C=C/[C@H](C[C@H](C(=O)[C@@H]([C@@H](/C(=C/[C@H](C(=O)C[C@H](OC(=O)[C@@H]3CCCCN3C(=O)C(=O)[C@@]1(O2)O)[C@H](C)C[C@@H]4CC[C@H]([C@@H](C4)OC)OCCO)C)/C)O)OC)C)C)/C)OC,http://dailymed.nlm.nih.gov/dailymed/drugInfo.cfm?setid=e082a024-7850-400b-a5c2-2a140612562a,2
LT00270,3324,famciclovir,1994,Less-DILI-Concern,3,Adverse reactions,.,Ambiguous DILI-concern,.,.,.,.,CC(=O)OCC(CCN1C=NC2=CN=C(N=C21)N)COC(=O)C,http://dailymed.nlm.nih.gov/dailymed/drugInfo.cfm?setid=50194d47-2761-4bfd-a35b-9c6a186694a5,2
LT00401,104741,fulvestrant,2002,Less-DILI-Concern,7,Adverse reactions,.,Ambiguous DILI-concern,.,.,.,.,C[C@]12CC[C@H]3[C@H]([C@@H]1CC[C@@H]2O)[C@@H](CC4=C3C=CC(=C4)O)CCCCCCCCCS(=O)CCCC(C(F)(F)F)(F)F,http://dailymed.nlm.nih.gov/dailymed/drugInfo.cfm?setid=83d7a440-e904-4e36-afb5-cb02b1c919f7,2
LT01422,3519,guanfacine,1986,Less-DILI-Concern,3,Adverse reactions,.,Ambiguous DILI-concern,.,.,.,.,C1=CC(=C(C(=C1)Cl)CC(=O)N=C(N)N)Cl,http://dailymed.nlm.nih.gov/dailymed/drugInfo.cfm?setid=9fc0bdc2-5ba2-48dd-aa87-7b0050a2d6ce,2
LT00654,71360,iloperidone,2009,Less-DILI-Concern,2,Adverse reactions,.,Ambiguous DILI-concern,.,.,.,.,CC(=O)C1=CC(=C(C=C1)OCCCN2CCC(CC2)C3=NOC4=C3C=CC(=C4)F)OC,http://dailymed.nlm.nih.gov/dailymed/drugInfo.cfm?setid=43452bf8-76e7-47a9-a5d8-41fe84d061f0,2
LT01503,4011,maprotiline,1980,Less-DILI-Concern,5,Adverse reactions,.,Ambiguous DILI-concern,WE,non-hepatotixic,Negative,.,CNCCCC12CCC(C3=CC=CC=C31)C4=CC=CC=C24,http://dailymed.nlm.nih.gov/dailymed/drugInfo.cfm?setid=c3ca69e6-1ea0-4c2c-abcb-7264b2e79a87,1
LT01527,4078,mesoridazine,1970,Less-DILI-Concern,5,Adverse reactions,.,Ambiguous DILI-concern,HH,.,Positive,.,CN1CCCCC1CCN2C3=CC=CC=C3SC4=C2C=C(C=C4)S(=O)C,http://www.accessdata.fda.gov/drugsatfda_docs/nda/2001/16-774S073.pdf,2
LT00581,4107,methocarbamol,1957,Less-DILI-Concern,5,Adverse reactions,.,Ambiguous DILI-concern,.,non-hepatotixic,.,.,COC1=CC=CC=C1OCC(COC(=O)N)O,http://dailymed.nlm.nih.gov/dailymed/drugInfo.cfm?setid=32863f21-30ff-4a8b-a2e6-8ab14a37af0d,2
LT02046,4170,metolazone,1973,Less-DILI-Concern,3,Adverse reactions,.,Ambiguous DILI-concern,HH,.,Positive,.,CC1NC2=CC(=C(C=C2C(=O)N1C3=CC=CC=C3C)S(=O)(=O)N)Cl,http://dailymed.nlm.nih.gov/dailymed/drugInfo.cfm?setid=4813f476-3637-4f0f-abdd-c76c4074f8ae,2
LT00931,4197,milrinone,1987,Less-DILI-Concern,3,Adverse reactions,.,Ambiguous DILI-concern,.,.,.,.,CC1=C(C=C(C(=O)N1)C#N)C2=CC=NC=C2,http://dailymed.nlm.nih.gov/dailymed/drugInfo.cfm?setid=ac43ba6b-635d-4129-8eea-96f3f5a4785e,2
LT01567,91270,moexipril,1995,Less-DILI-Concern,3,Adverse reactions,.,Ambiguous DILI-concern,.,.,.,.,CCOC(=O)[C@H](CCC1=CC=CC=C1)N[C@@H](C)C(=O)N2CC3=CC(=C(C=C3C[C@H]2C(=O)O)OC)OC,http://dailymed.nlm.nih.gov/dailymed/drugInfo.cfm?setid=5d4078f3-b621-475f-a4e6-005de2e62b32,2
LT01582,39147,nadolol,1979,Less-DILI-Concern,3,Adverse reactions,.,Ambiguous DILI-concern,NE,.,Negative,Negative,CC(C)(C)NCC(COC1=CC=CC2=C1C[C@@H]([C@@H](C2)O)O)O,http://dailymed.nlm.nih.gov/dailymed/drugInfo.cfm?setid=d208918b-a356-4924-91d9-9593981fe0a6,2
LT00594,60026,nateglinide,2000,Less-DILI-Concern,3,Adverse reactions,.,Ambiguous DILI-concern,.,non-hepatotixic,.,.,CC(C)C1CCC(CC1)C(=O)N[C@@H](CC2=CC=CC=C2)C(=O)O,http://dailymed.nlm.nih.gov/dailymed/drugInfo.cfm?setid=78679aac-28ba-4828-8189-4a2fc8de2b71,2
LT01601,4497,nimodipine,1988,Less-DILI-Concern,3,Adverse reactions,.,Ambiguous DILI-concern,HH,.,Positive,.,CC1=C(C(C(=C(N1)C)C(=O)OC(C)C)C2=CC(=CC=C2)[N+](=O)[O-])C(=O)OCCOC,http://dailymed.nlm.nih.gov/dailymed/drugInfo.cfm?setid=d6a161d9-7e7a-4711-ba0e-c9040c42268d,2
LT01652,4740,pentoxifylline,1984,Less-DILI-Concern,5,Adverse reactions,.,Ambiguous DILI-concern,.,.,.,.,CC(=O)CCCCN1C(=O)C2=C(N=CN2C)N(C1=O)C,http://dailymed.nlm.nih.gov/dailymed/drugInfo.cfm?setid=ff347283-b9ce-4570-8501-43cab7e2ecc8,2
LT00216,47811,pergolide,1988,Less-DILI-Concern,3,Adverse reactions,.,Ambiguous DILI-concern,.,.,.,.,CCCN1C[C@@H](C[C@H]2[C@H]1CC3=CNC4=CC=CC2=C34)CSC,http://dailymed.nlm.nih.gov/dailymed/drugInfo.cfm?setid=a26390e8-eb86-4623-8cdd-45b24b14df74,2
LT00955,107807,perindopril,1993,Less-DILI-Concern,3,Adverse reactions,.,Ambiguous DILI-concern,.,.,.,Negative,CCC[C@@H](C(=O)OCC)N[C@@H](C)C(=O)N1[C@H]2CCCC[C@H]2C[C@H]1C(=O)O,http://dailymed.nlm.nih.gov/dailymed/drugInfo.cfm?setid=cbc5b3c3-4d2c-4fa0-adbb-8ddf42e881c5,2
LT00435,4893,prazosin,1976,Less-DILI-Concern,3,Adverse reactions,.,Ambiguous DILI-concern,.,.,.,.,COC1=C(C=C2C(=C1)C(=NC(=N2)N3CCN(CC3)C(=O)C4=CC=CO4)N)OC,http://dailymed.nlm.nih.gov/dailymed/drugInfo.cfm?setid=7293cef3-ef9e-40dc-9995-875ef047f693,2
LT01698,4911,probenecid,1951,Less-DILI-Concern,6,Adverse reactions,.,Ambiguous DILI-concern,WE,.,Negative,Negative,CCCN(CCC)S(=O)(=O)C1=CC=C(C=C1)C(=O)O,http://dailymed.nlm.nih.gov/dailymed/drugInfo.cfm?setid=9eeedc83-f6cc-4383-83ec-d7992a96b7b4,2
LT01129,110635,tadalafil,2003,Less-DILI-Concern,3,Adverse reactions,.,Ambiguous DILI-concern,.,.,.,.,CN1CC(=O)N2[C@@H](C1=O)CC3=C([C@H]2C4=CC5=C(C=C4)OCO5)NC6=CC=CC=C36,http://dailymed.nlm.nih.gov/dailymed/drugInfo.cfm?setid=7178f6c0-bc15-49e1-bb65-1a8fe6f94191,2
LT01815,33624,timolol,1978,Less-DILI-Concern,5,Adverse reactions,.,Ambiguous DILI-concern,HH,.,Positive,Negative,CC(C)(C)NC[C@@H](COC1=NSN=C1N2CCOCC2)O,http://dailymed.nlm.nih.gov/dailymed/drugInfo.cfm?setid=57c62928-63d8-4505-9b9e-c085a3a12c95,2
LT00453,5505,tolbutamide,1961,Less-DILI-Concern,2,Adverse reactions,.,Ambiguous DILI-concern,HH,.,Positive,.,CCCCNC(=O)NS(=O)(=O)C1=CC=C(C=C1)C,http://dailymed.nlm.nih.gov/dailymed/drugInfo.cfm?setid=3995eed8-39ec-ce5e-8cc2-062f93445c8d,1
LT01827,33741,tramadol,1995,Less-DILI-Concern,7,Adverse reactions,.,Ambiguous DILI-concern,.,.,.,Negative,CN(C)C[C@H]1CCCC[C@@]1(C2=CC(=CC=C2)OC)O,http://dailymed.nlm.nih.gov/dailymed/drugInfo.cfm?setid=485af94f-5ecd-4f25-9774-61ce4cff0921,2
LT01841,5577,trimethobenzamide,1974,Less-DILI-Concern,5,Adverse reactions,.,Ambiguous DILI-concern,HH,.,Positive,.,CN(C)CCOC1=CC=C(C=C1)CNC(=O)C2=CC(=C(C(=C2)OC)OC)OC,http://dailymed.nlm.nih.gov/dailymed/drugInfo.cfm?setid=34cd4cf0-5990-48b3-10ec-206e2e33f7fe,2
LT01135,110634,vardenafil,2003,Less-DILI-Concern,3,Adverse reactions,.,Ambiguous DILI-concern,.,.,.,.,CCCC1=NC(=C2N1NC(=NC2=O)C3=C(C=CC(=C3)S(=O)(=O)N4CCN(CC4)CC)OCC)C,http://dailymed.nlm.nih.gov/dailymed/drugInfo.cfm?setid=a01def95-c0ef-43b9-bd9e-5565b2385ad3,2
LT01075,5362420,verteporfin,2000,Less-DILI-Concern,3,Adverse reactions,.,Ambiguous DILI-concern,.,.,.,.,CC1=C(C2=CC3=NC(=CC4=C(C(=C(N4)C=C5[C@@]6([C@@H](C(=CC=C6C(=N5)C=C1N2)C(=O)OC)C(=O)OC)C)C)CCC(=O)OC)C(=C3C)CCC(=O)O)C=C,http://dailymed.nlm.nih.gov/dailymed/drugInfo.cfm?setid=31512723-9ff0-4e18-aa3a-55ab833038c6,2
LT00262,60780,vinorelbine,1994,Less-DILI-Concern,3,Adverse reactions,.,Ambiguous DILI-concern,.,.,.,.,CCC1=CC2C[C@@](C3=C(CN(C2)C1)C4=CC=CC=C4N3)(C5=C(C=C6C(=C5)[C@]78CCN9[C@H]7[C@@](C=CC9)([C@H]([C@@]([C@@H]8N6C)(C(=O)OC)O)OC(=O)C)CC)OC)C(=O)OC,http://dailymed.nlm.nih.gov/dailymed/drugInfo.cfm?setid=145fb50b-7bde-408c-b81d-91fe9f128bf6,2
LT01010,441240,zolmitriptan,1997,Less-DILI-Concern,3,Adverse reactions,.,Ambiguous DILI-concern,.,.,.,.,CN(C)CCC1=CNC2=C1C=C(C=C2)C[C@@H]3COC(=O)N3,http://dailymed.nlm.nih.gov/dailymed/drugInfo.cfm?setid=df93b636-103f-4fb5-26b6-50f639e29b1d,2
